time_s,signal,noisy_signal
0.0,0.0882026172983832,-0.37167369873065503
0.001,0.9090625368314413,0.3954714876031751
0.002,1.2826818287850141,1.2965223464717197
0.003,1.1593719626497965,0.8718596185818281
0.004,0.8693369035110158,0.8450934196278935
0.005,0.6572434798599429,0.44608576906280895
0.006,0.7451814408808771,0.5139461506689076
0.007,0.5262314842821731,0.38197788202035443
0.008,0.31133305304724945,0.522408719440266
0.009000000000000001,0.3326596274489353,0.6114031717795426
0.01,0.48273043670562066,0.5940822025003324
0.011,0.45387433627999985,0.1569275714158641
0.012,-0.21872477661966672,-0.025635393983665183
0.013000000000000001,-1.133941832965764,-0.9272728329833844
0.014,-1.6190410099646801,-1.5366468488809468
0.015,-1.4588445417788642,-1.6399306725845915
0.016,-0.8794652706143431,-0.666807398004201
0.017,-0.5479836509076921,-0.42113807850469365
0.018000000000000002,-0.2969142175320386,-1.2319711950117762
0.019,-0.09834228504947791,0.09499332497383477
0.02,0.16624313535453242,-0.40787966590391966
0.021,0.5167954364386032,0.7158639094160176
0.022,0.3926967539206727,0.34647503439322214
0.023,0.1259490660673712,0.48403257029213065
0.024,0.4845065654564016,0.45505820209462244
0.025,0.927281716270062,0.6612974382532282
0.026000000000000002,1.533382124198358,1.4891760248235049
0.027,1.4456174791609102,1.7635593676410426
0.028,0.9027345213251738,0.91060850668365
0.029,0.2073874205783257,0.17308687261661268
0.03,-0.286145254861389,-0.06307920020888791
0.031,-0.5434883646853942,-0.4803805546964503
0.032,-0.907392189351868,-0.9091704111018376
0.033,-1.1793480744416929,-0.7695300539206935
0.034,-0.9653394157843921,-0.4988052061666718
0.035,-0.516654293397223,-0.3326564254986127
0.036000000000000004,-0.19936432695196896,-0.28515207239752083
0.037,-0.41788941252026657,0.03118388553598156
0.038,-0.9381601825783265,-0.5832243153788144
0.039,-1.014309787210512,-0.7986406375520245
0.04,-0.5279559064009326,-0.8927788806246908
0.041,0.23490338953893014,0.2771049605313184
0.042,0.7737629994167669,0.5506613470065049
0.043000000000000003,1.181773413814426,1.1340697383481182
0.044,1.1789534034981268,1.2509704822871426
0.045,1.2719889110656803,1.3020367334928675
0.046,1.0635142605842962,0.9209617288355216
0.047,0.6095812038517684,0.9914673285277416
0.048,-0.1388693173726805,-0.6477086974221434
0.049,-0.2816577016738861,-0.06260264233500176
0.05,-0.04477332805968452,-0.6020183095380458
0.051000000000000004,0.29036581255614813,0.405145253573187
0.052000000000000005,0.032634168116332476,-0.23343712976883013
0.053,-0.629738295266291,-0.36624716794653195
0.054,-1.1275631400037205,-1.1016273828014425
0.055,-1.2724760326197138,-1.1981641190796664
0.056,-1.201110151466551,-1.5065939491366063
0.057,-1.0691110491658486,-1.2654820896651238
0.058,-0.8907926136320671,-0.8286273956087811
0.059000000000000004,-0.3240413446972357,-0.14897036662444454
0.06,0.44190523575877644,1.3206341082879347
0.061,0.9812169916047211,1.0480744885357671
0.062,0.8781365276057091,1.1709477852163868
0.063,0.39169427484290953,-0.07538590490986857
0.064,0.2697501681010436,-0.12921739029917528
0.065,0.5043826950420108,0.3977342626594752
0.066,0.8664338909697793,0.5072055822782093
0.067,1.103447363806779,1.5493671398466944
0.068,0.8176379837511958,0.6945723759170972
0.069,0.5649937604553102,0.9796483269732519
0.07,0.33034715425511424,0.7763818964808035
0.07100000000000001,-0.1274703365454416,-0.11463642058037153
0.07200000000000001,-0.7691255263800899,-0.6185856002377982
0.073,-1.5167179626798808,-1.5335478046821516
0.074,-1.5109771162744132,-1.3494460161680517
0.075,-1.0342405045470193,-0.8892379490128478
0.076,-0.414558691716118,-0.4516535794837272
0.077,-0.1919998003259146,-0.040508805887062516
0.078,-0.3650525705840629,0.15205631211611564
0.079,-0.48130623955509283,-0.2674013706418115
0.08,-0.3521501181854054,-0.2544102340932178
0.081,0.10067882243210247,0.1381096787450662
0.082,0.33585072460110577,0.03204878747052847
0.083,0.46091355340553997,0.15272449028290125
0.084,1.028581833962002,1.1255887934060798
0.085,1.5703227169491052,1.159505379734958
0.08600000000000001,1.700173150159934,1.470274870470859
0.08700000000000001,1.131029341999783,1.5154827441090228
0.088,0.20323903180149436,0.7775079409203386
0.089,-0.32843807458528934,-0.8282248976246048
0.09,-0.49568710549623834,-0.0076922368057637525
0.091,-0.2510074488328987,-0.3144389360865657
0.092,-0.30608024673308803,-0.3105817728424975
0.093,-0.4849673928728776,-0.5189908820656978
0.094,-0.679858700145877,-0.3556954620382308
0.095,-0.6707787154441613,-1.1530816891571145
0.096,-0.7754340029674748,-0.6385849195609348
0.097,-0.9580337779944308,-1.241494837210834
0.098,-1.2273993249445463,-1.056162766130074
0.099,-0.8689552082408438,-0.4061163067529283
0.1,0.09415753485281592,0.09403233692902986
0.101,0.8216667233559558,0.9339132491471964
0.10200000000000001,1.1702206796554406,1.293086213126748
0.10300000000000001,1.0957971380976237,0.8559190881964767
0.10400000000000001,0.7173028337478158,1.1707946387131112
0.105,0.8032884331362327,1.3152289073145293
0.106,0.6769960709666116,0.8875310826017203
0.107,0.4964266041250234,0.518412233727317
0.108,0.41264109696094464,0.2740729523546592
0.109,0.38615544192373186,0.1982083749790056
0.11,0.5689062061689047,1.0821571809329014
0.111,0.42646289384561903,0.8507874066643262
0.112,-0.29983794712974327,-0.3189363937666081
0.113,-1.0445223361354525,-1.5185014950367897
0.114,-1.6546343401495196,-2.504237901122216
0.115,-1.4354054383577546,-1.7604334364370384
0.116,-0.9068066258835366,-0.9459927446820724
0.117,-0.5454762423739459,-0.12526953204104546
0.11800000000000001,-0.2818636340972824,-0.47736049681461656
0.11900000000000001,-0.00952716450606033,0.14191747239609018
0.12,0.31271390270402233,0.7036681911985521
0.121,0.4291444671373782,0.4677053621941926
0.122,0.36438685268800347,0.32165249205135105
0.123,0.22937661192204506,-0.16325244234953734
0.124,0.33629044127044927,-0.024452151190880567
0.125,0.9925182729836113,1.1173481633083582
0.126,1.509336520747199,1.4490642607869209
0.127,1.5474398580861632,1.5841992533821536
0.128,0.8597102984578768,0.8455269837490027
0.129,0.15429257389537337,0.35353578870296853
0.13,-0.3323884298685008,-0.5677946532973344
0.131,-0.5354340311009141,-0.6361082241758642
0.132,-0.8967195350032434,-0.32786486641330026
0.133,-1.078716723116777,-1.318652564632508
0.134,-0.9797361122370314,-1.064208741477062
0.135,-0.4906500771050963,-0.6674660876986671
0.136,-0.23204932015760474,-0.09861491143542969
0.137,-0.48842334273838733,-0.1817056460057665
0.138,-0.8989935060748436,-1.0484569916506765
0.139,-1.0538477251182663,-1.183272027449672
0.14,-0.5500911377828469,-0.633785619373756
0.14100000000000001,0.3278738714611103,0.4868240065035976
0.14200000000000002,0.8674101837166459,0.6455915929635874
0.14300000000000002,1.1159862158974405,1.0031982261060628
0.14400000000000002,1.3235932513289095,0.6119350898750049
0.145,1.3411166004957675,0.926593097647272
0.146,1.0805129173145895,1.046779790508803
0.147,0.6265575004649752,0.8959167524259115
0.148,-0.12396979552035484,-0.035447060529796084
0.149,-0.294099917903926,-0.6237304549041159
0.15,-0.003412080266240871,-0.4234889427046234
0.151,0.35668782374564767,0.4090918516150983
0.152,0.020936683892361592,-0.4749044087834915
0.153,-0.6120286129931161,-0.2922505673780494
0.154,-1.1310766548080509,-1.1119077973129974
0.155,-1.3270665404643338,-1.8092625882345512
0.156,-1.148104216480384,-1.437890374132945
0.157,-1.1382312194710096,-1.3555246152403464
0.158,-0.916449941568579,-1.1484076946356105
0.159,-0.32779528863510204,-0.7747751911015497
0.16,0.4506266356129569,0.18822787901630333
0.161,1.0956712523725964,0.8903507855304686
0.162,0.9662648820542247,0.7528791553710932
0.163,0.4823859670287506,0.8207729545087648
0.164,0.19960708504685182,0.23105542589501618
0.165,0.5666898906724985,0.2687127254412328
0.166,0.8979330409486053,0.7975465591623686
0.167,1.0030696961916048,0.7392025669981895
0.168,0.9224043915879664,0.8324023938844393
0.169,0.5782436212617416,0.8408963672041565
0.17,0.3399355673352853,0.4156168015189229
0.171,-0.11798309943615759,0.5676972550222623
0.17200000000000001,-0.7832540300121232,-0.6704758022818792
0.17300000000000001,-1.4875279513272188,-1.761606304320351
0.17400000000000002,-1.5828063404225126,-1.3398841211781782
0.17500000000000002,-0.9659202740859144,-0.6419409089431537
0.176,-0.41118931746572024,-0.08293922003253712
0.177,-0.19753480597520442,-0.5258070918857318
0.178,-0.372251569153556,-0.41654279350800727
0.179,-0.4832405487153283,-0.14369696166679252
0.18,-0.31159232170890155,-0.8170110093710838
0.181,-0.013110066586507776,-0.16293509489311925
0.182,0.28038668247293563,-0.1476946231551618
0.183,0.4265555801081657,0.1467845111390617
0.184,0.9854307968235709,0.681693651000429
0.185,1.395425375367237,1.7705963251302674
0.186,1.586015004630536,1.5156535941579108
0.187,1.142633837753459,0.8836271633509243
0.188,0.21979851305745918,-0.09088320635788921
0.189,-0.3040099311615133,-0.26150978170005423
0.19,-0.5401711036337522,-0.5435117918359523
0.191,-0.29877715888456385,0.1044451535174642
0.192,-0.3184581365483099,-0.16845312779111918
0.193,-0.5922040195841223,-1.0217433530036335
0.194,-0.6715131869780092,-0.8602073992553897
0.195,-0.7146846904148735,-0.3936629367935804
0.196,-0.7373694764428226,-0.9236942857532358
0.197,-1.0061520949915363,-0.48578044251442376
0.198,-1.1255831321156926,-1.4550699615131166
0.199,-0.8222282789412626,-0.6504442730290255
0.2,-0.018459091897115806,-0.27682375791670827
0.201,0.8770857175342934,0.7242071776503862
0.202,1.2887279093740824,1.6183024038434264
0.203,1.0800904892258545,1.0419703403742995
0.20400000000000001,0.807965580308397,1.052001253842629
0.20500000000000002,0.6252595716382334,0.7672467501126733
0.20600000000000002,0.6964607137846512,0.9226204188533415
0.20700000000000002,0.4968977992367616,0.2304413359111076
0.20800000000000002,0.3304902255890648,0.2640179061278646
0.209,0.307222182869856,0.4344979683001171
0.21,0.5210372035522033,0.2663153417441052
0.211,0.3970215716914163,0.8858715846611148
0.212,-0.2174602647715609,-0.4506286774181012
0.213,-1.163346538627182,-1.2533476117085205
0.214,-1.6884564843978624,-1.9904242038361337
0.215,-1.4960307428077129,-2.139023162379319
0.216,-0.9550202449653045,-0.41594468819282604
0.217,-0.5187681509416512,-0.5800698320125653
0.218,-0.19960215508004836,-0.3339766066047104
0.219,-0.05775035566741875,-0.11736487416865835
0.22,0.2460953761216091,0.6720545677805398
0.221,0.4668154178816345,0.17728343546230935
0.222,0.3262951452453969,0.5301655049749217
0.223,0.18713139077636734,0.059994916211524446
0.224,0.29397898353477925,0.1149777268732863
0.225,1.0031630997100087,1.1732805634660635
0.226,1.5389195252315537,1.8353916973543627
0.227,1.466585723472211,1.3124148383882364
0.228,0.7962297571589784,0.5655750092565354
0.229,0.1220233955965081,-0.2287053286001
0.23,-0.36509567159535466,-0.034044541576842
0.231,-0.5870624848336182,-0.7596392832754536
0.232,-0.8901459757711941,-1.4448851939538294
0.233,-1.0595057487174298,-0.636520107198586
0.234,-1.005752929909184,-1.4167107804950667
0.23500000000000001,-0.48541183676692107,-0.25157367738920267
0.23600000000000002,-0.1861546337637805,-0.13112603976352308
0.23700000000000002,-0.5815076562101642,-0.49513302654558067
0.23800000000000002,-0.897480905169026,-1.0727934877624226
0.23900000000000002,-0.9653492479302177,-0.8556718098628269
0.24,-0.5074001094251996,-1.0077340772904708
0.241,0.2860406956814256,0.4624520203033694
0.242,0.8524324800686633,1.3195354925283114
0.243,1.0693451000827405,1.3345532593106384
0.244,1.1889853641333583,0.5831233385173419
0.245,1.2100924358297493,0.9148297351478949
0.246,1.1837706068259621,1.1274321302335202
0.247,0.6246876156620261,0.770768807144006
0.248,-0.09884263795498655,-0.13083844005305406
0.249,-0.34434190405332166,-0.49230622018647097
0.25,0.02605324382262715,0.20464333613031505
0.251,0.2422312891725263,0.5914768190400163
0.252,0.0652720831608125,-0.00441611899516671
0.253,-0.5866731069174274,-0.3679941467018556
0.254,-1.0915770910332754,-1.8652923145901177
0.255,-1.2591551689634295,-1.5404079847960483
0.256,-1.2407158815088888,-1.3370935626262916
0.257,-1.1534028418225915,-1.2999727080489791
0.258,-0.9382234288147862,-0.8383839635934497
0.259,-0.27538531744252287,0.028739846806955294
0.26,0.416085295258382,0.5680860030668986
0.261,0.973853831966824,0.7871861904403071
0.262,0.8889781397854125,0.43214771263415674
0.263,0.4753800401460137,0.6424692763196798
0.264,0.1640648706960422,-0.38738815120496145
0.265,0.5339106716921109,0.7298218567140395
0.266,0.9741383595097926,0.9176036348707721
0.267,1.084729355382712,0.7319788590012433
0.268,0.847458593385429,0.9336357871254668
0.269,0.5672664989789393,0.566403668181239
0.27,0.31384494342825203,0.30286575555337797
0.271,-0.2725491199046434,-0.29781610886286164
0.272,-0.7282999451947317,-0.6024427126668893
0.273,-1.4354720055278236,-1.158141798940271
0.274,-1.5637146274526414,-1.414730067907486
0.275,-1.0195476687593785,-0.7159077118126856
0.276,-0.34633174538956624,-0.3595736610439081
0.277,-0.16886251403941321,0.3166752832301791
0.278,-0.45100916736677155,-0.2796762207278247
0.279,-0.38088986359859733,-0.5439980725034304
0.28,-0.29941965900783535,-0.6275881760281569
0.281,0.10664613367019712,0.16838517479042112
0.28200000000000003,0.27796511022535986,-0.11399134665142036
0.28300000000000003,0.6145445904316846,0.3225318001646601
0.28400000000000003,0.9684864087168403,1.04021253282892
0.28500000000000003,1.5059704498713566,1.3236042159867705
0.28600000000000003,1.5889715032946052,1.3089766312265285
0.28700000000000003,1.200582848274525,1.1902403344480057
0.28800000000000003,0.29126757110373136,0.3130709408348683
0.289,-0.31606834945359275,-0.377818557019214
0.29,-0.5069326361296637,-0.6201967118474502
0.291,-0.3361810582750661,-0.07978823966133153
0.292,-0.20129816075272827,-0.09856995536667999
0.293,-0.5868001358331364,-0.6538279694915452
0.294,-0.70447450503851,0.034822075016099685
0.295,-0.649262805723622,-0.5911132846450982
0.296,-0.7710727556177526,-0.43147121551455364
0.297,-1.0181796187020464,-1.1864739196415734
0.298,-1.253717381042872,-1.6625996652052746
0.299,-0.8705518820207193,-1.1080788367137586
0.3,-0.06532634258677758,-0.14572927760621116
0.301,0.9719612103939682,0.8229787474751131
0.302,1.2278367273232973,1.6287525820201354
0.303,1.013318392489894,0.9773060558610617
0.304,0.8092781581051235,0.9477188213374654
0.305,0.6830713844843518,0.6691270376744847
0.306,0.6309640964344632,0.500897796614513
0.307,0.4664634694071715,0.47786227344322596
0.308,0.3511826532714078,0.8653980942026274
0.309,0.30415103044468544,0.07376645292364092
0.31,0.4688431801641512,0.6989403153320166
0.311,0.43504785123067635,0.12724567574294182
0.312,-0.31311795331483205,-0.4510058859956637
0.313,-1.176559471433633,-1.175484509647258
0.314,-1.660478162061013,-1.5625656351429158
0.315,-1.4708106786817263,-1.0258720902895822
0.316,-0.9562777968367587,-0.9713025892761193
0.317,-0.5520700973389033,-0.8051547792996813
0.318,-0.31564892271937406,-0.12063633080414315
0.319,-0.061002761898937635,-0.1702537045736644
0.32,0.2579124067186428,0.3295168779981934
0.321,0.44346485723889095,0.4085981253775654
0.322,0.3632007618638995,-0.21983629352214729
0.323,0.11851156293791637,0.2710013186161083
0.324,0.31315107129747044,0.48816147334386006
0.325,0.9843853874437118,1.2623668179362935
0.326,1.523210847525093,2.063349676263161
0.327,1.5678128465270995,1.2092817144880568
0.328,0.7908605468144262,0.945812780098954
0.329,0.1810825183317809,0.3038710173240675
0.33,-0.25653320943599534,-0.38225780727834197
0.331,-0.6218437384256896,-0.502711867490756
0.332,-0.8243402531002384,-0.6744461665666486
0.333,-1.1395022830401764,-1.5051074320333355
0.334,-1.0809024202179272,-1.0070355918349976
0.335,-0.49415576563444624,-0.7695510574358309
0.336,-0.3486733901602306,-0.5442303401394077
0.337,-0.45546168186919184,-0.9878851264257869
0.338,-0.9529943865947906,-1.0950026642455342
0.339,-0.9162171098722462,-0.9772883113142894
0.34,-0.4221027881817764,-0.2571457279928592
0.341,0.28323499620531467,0.28350497420664683
0.342,0.8246846283965756,0.3619981831566721
0.343,1.0235307738981188,1.282175190963399
0.34400000000000003,1.182389880971086,1.1468138939060584
0.34500000000000003,1.27987485138703,1.426386028515927
0.34600000000000003,1.1079193513672234,1.3977001869051338
0.34700000000000003,0.5785418788237671,1.0053233035144775
0.34800000000000003,-0.029248350108365066,0.5591197467011396
0.34900000000000003,-0.25353796481352137,-0.27520959241502174
0.35000000000000003,-0.03820719619532019,0.05513013763277587
0.35100000000000003,0.19913111397309585,-0.12437721327193807
0.352,0.1264010173999104,0.4448810684104887
0.353,-0.6051791452876479,-0.9606453786591789
0.354,-1.1587687085835061,-1.7003442151726325
0.355,-1.3199520917612784,-1.0708362901591608
0.356,-1.2965894900935444,-1.453098447577889
0.357,-1.1081333442548773,-0.8748511598522052
0.358,-0.883059299648431,-0.7606369048445804
0.359,-0.2748863714807317,-0.7638871667878443
0.36,0.5104511156029244,-0.30545269369385986
0.361,0.9993831941360618,0.670402670008246
0.362,0.9653862604136678,0.9703337065079272
0.363,0.49500665414958367,0.1284737537411521
0.364,0.26009475540823523,0.06426632060362136
0.365,0.5325181502673316,0.09483593108813398
0.366,0.9384111336389861,0.9893745215780634
0.367,1.0605657753288167,1.0878135534397142
0.368,0.8496162251256595,0.7051984379113695
0.369,0.5059959240920107,0.9251155144861334
0.37,0.3079147114120615,0.7572292196079304
0.371,-0.18357566262976904,-0.013995501868833748
0.372,-0.7840139974035518,-1.3239453518435753
0.373,-1.4674496006702558,-1.7988566448319385
0.374,-1.5286194492507972,-1.4064803499258227
0.375,-0.9753081611859891,-1.1638754352593659
0.376,-0.3388531110038855,-0.48498054051743245
0.377,-0.24158848751936665,0.028101730857051227
0.378,-0.35982012778589456,-0.2065576812181693
0.379,-0.4401055610625333,-0.04585923091834865
0.38,-0.3787979171178284,-0.5075607061117716
0.381,0.07500152185415006,0.4875691479882192
0.382,0.1997893911444692,0.033550017019123496
0.383,0.4866003955376013,0.9364478425792302
0.384,0.9561007518642382,0.9878511449492717
0.385,1.3926925030314734,1.134539578898591
0.386,1.5919586347177521,1.1025927824216923
0.387,1.0664338334172239,0.975992138958716
0.388,0.33918340948739806,0.26231360008876636
0.389,-0.37294927315747906,-0.11565070012074335
0.39,-0.44716374425494293,-0.48034089509740513
0.391,-0.3232634573777863,-0.4529930509513197
0.392,-0.3341655830748192,-0.011054341190558259
0.393,-0.6146230541296243,-0.6820710225106696
0.394,-0.7122688881419893,-0.8851414330100602
0.395,-0.7441819844443308,-0.571799309256559
0.396,-0.7330628077889019,-0.8800112734430819
0.397,-0.9902722093568419,-0.792631566849388
0.398,-1.1604159938010195,-1.3394911273359777
0.399,-0.8464270794400065,-0.9133148343311204
0.4,-0.02993269684613656,0.01572039583034334
0.401,0.8332598271150634,0.7210219310357716
0.402,1.2720780886619818,1.2680426478547648
0.403,1.0651419435633382,1.3097835343353563
0.404,0.6875320814696814,0.8107126188656957
0.405,0.723881463490952,0.868172418501339
0.406,0.7384030111289919,0.5477738795432117
0.40700000000000003,0.5367456241561219,0.7925945546384323
0.40800000000000003,0.3072413120864506,0.5081100142391753
0.40900000000000003,0.2717472779711975,0.5730730356496849
0.41000000000000003,0.40320152316940333,0.18529177351357268
0.41100000000000003,0.42117555839884935,0.36943797939441225
0.41200000000000003,-0.2722323851156246,-0.08217221437750447
0.41300000000000003,-1.151698916867583,-1.3343434520927224
0.41400000000000003,-1.5545981122559978,-1.6224348531851847
0.41500000000000004,-1.4413032028046109,-0.8635614815667527
0.41600000000000004,-0.9356279742081637,-0.35009967052781954
0.417,-0.5306226474600566,-0.1586404825118486
0.418,-0.2365678595763115,0.04500768129861904
0.419,0.030341967286402663,-0.27543337756513625
0.42,0.34036788172023336,0.49413655114807
0.421,0.5132257362364961,0.4054907577167306
0.422,0.24474479041739622,-0.07282677886421407
0.423,0.16924341279936903,0.016541661221973036
0.424,0.36451348654732,0.399213008761224
0.425,1.0046976614692653,0.8404909891796654
0.426,1.5782465026993984,1.4130066749873462
0.427,1.3179928133027217,1.555605262829614
0.428,0.797629957933766,0.8408619034707355
0.429,0.14741469983036515,0.21745212372906042
0.43,-0.3172349034488523,-0.2836731843799628
0.431,-0.6332417963218193,-0.8359527393333146
0.432,-0.8195547276255235,-1.2307263030137299
0.433,-1.0664646557382278,-0.9732952426120842
0.434,-0.9964990368403154,-1.1486100264779484
0.435,-0.508730881626623,-1.1119655622023865
0.436,-0.21979957538585332,-0.337569752775399
0.437,-0.4777437726445131,-0.8054091550467001
0.438,-0.8787656015363653,-0.6691705312440387
0.439,-0.9952816409236606,-0.8387940727515586
0.44,-0.4952897072802788,-0.3462217638287379
0.441,0.24793326057786416,0.04842077513025686
0.442,0.8547799705994139,1.07424544515806
0.443,1.0939492909551223,1.189844225895344
0.444,1.2482276506650887,1.125271289133143
0.445,1.2881372527218982,1.152136023080343
0.446,1.1490248088978443,1.4168372547599544
0.447,0.5224760853734841,0.3803948682843867
0.448,-0.0973058827861498,-0.006208940728266318
0.449,-0.2765401526145397,0.03364694342929536
0.45,-0.05273142319926442,0.5200713644678682
0.451,0.31203307952939363,0.8111950168607125
0.452,0.08133094146070845,0.3515777707234174
0.453,-0.5567518978405646,-1.0085253033119805
0.454,-1.1092088223259704,-1.3159233511513617
0.455,-1.1928404480720014,-1.357266604313762
0.456,-1.2278792219840418,-0.7319342722144455
0.457,-1.1943067083278753,-1.4041020906195025
0.458,-0.8491114991031978,-0.7332615859736871
0.459,-0.30843446344597214,-0.2781743444687786
0.46,0.44965230602208156,0.16911414319081836
0.461,0.9502531567138119,1.0648003595996272
0.462,0.8968343656178333,1.016323191477081
0.463,0.48707532642039864,0.11034286189794817
0.464,0.23573802595622553,0.6026012600722485
0.465,0.6450944258296178,0.019141417173061726
0.466,0.8999185892364098,0.7226914433634212
0.467,1.0406523828950898,1.3322434710547624
0.468,0.7485718999696285,0.39059454992741677
0.46900000000000003,0.5749707114165725,0.6800504872851816
0.47000000000000003,0.19307229475624837,-0.1958358217263806
0.47100000000000003,-0.16089221375204063,-0.18879945708530763
0.47200000000000003,-0.8398790873352793,-1.5340110212869393
0.47300000000000003,-1.49046306995458,-1.7432345804684823
0.47400000000000003,-1.4441505644605668,-1.9070269986068538
0.47500000000000003,-0.9502802804342431,-1.0708094030721933
0.47600000000000003,-0.30506199044193133,-0.42963140918842846
0.47700000000000004,-0.20717825801519052,-0.4092775094079324
0.47800000000000004,-0.2930452407519575,-0.05367128178193381
0.47900000000000004,-0.45931445934937953,-0.7253783405108108
0.48,-0.25532232871237737,-0.06500632675566209
0.481,0.1071094395235098,0.5958921705111682
0.482,0.2671294403166175,0.30884868540802224
0.483,0.5165098566704762,0.25920879529785634
0.484,0.9972990248386325,0.6224974703801698
0.485,1.342747303498811,1.1298117734629614
0.486,1.7169005757306266,1.9282933919555938
0.487,1.1676821870008085,1.2143594074914779
0.488,0.25449146484401336,0.53553002972021
0.489,-0.37013527814397507,-0.13903601434581148
0.49,-0.5270250223130301,-0.4847818267495593
0.491,-0.3296268705814921,-0.18758039208155344
0.492,-0.2614797787259192,0.29509408410022453
0.493,-0.4688982460807584,-0.044201378228354404
0.494,-0.5628658173764144,-0.6536896224476904
0.495,-0.7098036071677519,-0.41289977458698485
0.496,-0.8088866523437583,-0.6331314105983776
0.497,-1.073039000986711,-0.7321225777247892
0.498,-1.2846470233440972,-1.0831620517333242
0.499,-0.8929474142101148,-1.185197644723012
0.5,0.019136621500593812,-0.4667687481112163
0.501,0.8873425623864456,1.0591306675479712
0.502,1.2885622718630163,1.8593477313739657
0.503,1.035616512622512,0.8029172802405209
0.504,0.7585864713786241,0.7021595499637291
0.505,0.6770439500107516,0.3663196321521877
0.506,0.6160452936928766,0.9693941451045747
0.507,0.4554109584816208,-0.23613909803143557
0.508,0.2575360991050087,-0.42156199120573384
0.509,0.37720110593523587,0.48970708188128187
0.51,0.5202912717920644,0.49558817775465874
0.511,0.4499088642515004,0.3060219597293584
0.512,-0.32338724560671317,-0.4137156815637373
0.513,-1.2384568182796931,-1.0773604439427846
0.514,-1.6742369876086522,-1.7983781843235518
0.515,-1.4667373104827677,-1.7958148020027016
0.516,-0.929234710526755,-1.2074435889486448
0.517,-0.4853271299210109,-0.21882547132195812
0.518,-0.2983536190742326,-0.45577620556289866
0.519,0.03149594094842065,-0.3840873341817388
0.52,0.2827623420988424,0.3134158401820336
0.521,0.4384605457645048,0.5899589622985082
0.522,0.2654140332029918,0.6641022574689588
0.523,0.11860874918292064,0.18397976531942134
0.524,0.3831247323062745,0.18521135814337344
0.525,0.9555639871322955,1.0977663473154045
0.526,1.5779313215100446,1.7960837825161755
0.527,1.5255930569640643,1.5139214649649224
0.528,0.7076162153458996,0.6942363975282275
0.529,0.1771220971081931,0.25516196858982343
0.53,-0.4058728290793114,-0.42682977855616666
0.531,-0.5423215379109929,-0.46728736584605524
0.532,-0.801759373760683,-1.1083333710887615
0.533,-1.077065445713351,-1.4221967766589039
0.534,-1.011928266978317,-1.2627616808285476
0.535,-0.5537433020662931,-0.36108001906746534
0.536,-0.27396113327388993,-0.19632186307170735
0.537,-0.48712064414897144,-0.17504895487410393
0.538,-0.9289386837462603,-0.9849459603806433
0.539,-1.0046887886472073,-1.3477812073997621
0.54,-0.4648542557020458,-0.12148819511667841
0.541,0.2454756037112173,0.2398454870492494
0.542,0.8469755174544961,1.2320120283344536
0.543,1.160147702570609,1.3395316499882632
0.544,1.1852037414285974,1.8417893450754486
0.545,1.2717008214884955,1.2057689257744868
0.546,1.1800638937725225,1.4502810652992766
0.547,0.44274745274294935,0.7101566846488325
0.548,0.00089450506963204,-0.16564339857870294
0.549,-0.3026158755634689,-0.3543605706955572
0.55,0.008196428622628383,-0.4303250740423885
0.551,0.275836755459225,-0.1888020856415747
0.552,0.10529783095578737,0.14326847141501986
0.553,-0.584086423371971,-0.3461843021627429
0.554,-1.1600553176650028,-0.9686481076163663
0.555,-1.2290003366136395,-1.1269929571357438
0.556,-1.3226447034427598,-1.0637395574974322
0.557,-1.083217934967586,-1.2601272736773834
0.558,-0.9264727800794923,-1.00823260462582
0.559,-0.3439829558106982,-0.12272650178653369
0.56,0.5760910922207743,0.7060267110554542
0.561,0.9969648783589716,0.933908234219943
0.562,0.928547326565498,1.3247856424038722
0.5630000000000001,0.3889302621742148,0.0013298868600766234
0.5640000000000001,0.2244266280486454,0.06882302186206768
0.5650000000000001,0.5342996118888794,0.44928027955200367
0.5660000000000001,0.9656816929737392,1.2106421569058703
0.5670000000000001,1.1111525787501138,1.1118681381246842
0.5680000000000001,0.8634342969162311,0.48498677287904657
0.5690000000000001,0.5887467010882226,0.7429479550330416
0.5700000000000001,0.31658172177801025,0.6428456164180786
0.5710000000000001,-0.2254065026335586,-0.003615142693650736
0.5720000000000001,-0.8242452745117615,-0.6384987980301149
0.5730000000000001,-1.4165815512756077,-1.9788756002979282
0.5740000000000001,-1.501600207296557,-1.7715661503196023
0.5750000000000001,-1.0181929404985106,-0.8735687578968503
0.5760000000000001,-0.4113001596339656,-0.42776661506028213
0.577,-0.21897291330377394,-0.06220563270413035
0.578,-0.3560276445547466,-0.7359304476436328
0.579,-0.4274605126885761,-0.44590894197404196
0.58,-0.3914828312202753,-0.8084171368891373
0.581,0.022642911597906858,-0.563460657187915
0.582,0.25557747984322315,0.34431120639528934
0.583,0.5769736137813797,0.8297502527184738
0.584,0.926453742943617,1.0001386713141498
0.585,1.4519963752398195,1.4420974311604198
0.586,1.6303866931051405,1.1617823905563607
0.587,1.1622952463351757,1.4641273664644399
0.588,0.2371572129695943,0.22394374375681192
0.589,-0.5334678136718272,0.05440078788990321
0.59,-0.44836266357821003,-0.16566837109511995
0.591,-0.2901775544684523,-0.8917151824640969
0.592,-0.3274710470535233,-0.10095614297675695
0.593,-0.5880011757306431,-1.0069617470025902
0.594,-0.6800880144705225,-0.9079366615992417
0.595,-0.6871455971769616,-0.7623726002050064
0.596,-0.7994606481385328,-0.8276793832473139
0.597,-1.0581638762184737,-0.9388943115332339
0.598,-1.2802527547059463,-1.5871092669472104
0.599,-0.8979841310174785,-1.2431917322944726
0.6,-0.07752146725419756,0.10266009326572526
0.601,0.9099206174646309,0.9059455370844229
0.602,1.1865265050385108,1.2388384196489683
0.603,1.0592324600813632,0.40112745457296517
0.604,0.7056608581901588,0.6525196431955618
0.605,0.6766044915603096,0.4093857366418608
0.606,0.692152549751308,0.4159646378462472
0.607,0.45076435410356375,0.727344795370937
0.608,0.3222513892939189,-0.006449979397834815
0.609,0.2931723242079842,-0.03469665768982483
0.61,0.3884104482571015,0.28910726723657776
0.611,0.31599852322625627,0.45108517242045953
0.612,-0.22652065867287474,-0.4917250775973006
0.613,-1.0952477845127797,-0.7250045737787612
0.614,-1.6478296035909397,-1.212875345982574
0.615,-1.4552901675455716,-1.7197242874861107
0.616,-0.942977046106611,-1.0165015727796676
0.617,-0.5212445886130367,-0.7548472304103204
0.618,-0.24826840226058705,-0.7538830337219553
0.619,-0.13098741799509994,-0.040084102858252715
0.62,0.32771566276436404,0.5477941232331749
0.621,0.46501405888772657,1.068573337825695
0.622,0.33826199726514145,0.06903914617574036
0.623,0.14794483056493735,0.5488153578087236
0.624,0.3522614784239286,0.7549675858013145
0.625,0.9386901904108446,0.9980461832809905
0.626,1.5402611582961503,1.7209102051689693
0.627,1.5385238233016258,1.800505737791837
0.628,0.8232889095848203,1.41551889405739
0.629,0.13385022994656764,0.2771927987315085
0.63,-0.328257578004045,-0.34629894365515057
0.631,-0.5682702179864005,-0.8281208576886422
0.632,-0.8396945806686824,-0.748098354164933
0.633,-1.0988203730657309,-0.7915708932338097
0.634,-0.9706340103706939,-0.8972509019718523
0.635,-0.5043085148442695,-0.7382854895217704
0.636,-0.3067790994792869,-0.2800562387303179
0.637,-0.4653835736056375,-0.5041296183436716
0.638,-0.8777777518448413,-0.7983561245181291
0.639,-0.9311972225977533,-1.4297517327632283
0.64,-0.4800473585114427,-0.3148107742806232
0.641,0.3742841483882078,0.5529110954173247
0.642,0.9107970032720677,1.0442530347280203
0.643,1.034424012034276,1.0332951668907688
0.644,1.1435390870060547,0.6017582082250282
0.645,1.2786444442535527,1.2728476066621737
0.646,1.1776008032165406,1.4958153030191914
0.647,0.5670923356821557,0.3090536727944173
0.648,-0.0882073028776822,-0.6849881427260673
0.649,-0.19340852866075872,-0.6555759202219668
0.65,0.014345224400150663,0.1085529319463316
0.651,0.15499097387363103,0.26685377652936226
0.652,0.07403245630939334,0.3399204146958338
0.653,-0.5447046553316188,-0.5612823540505145
0.654,-1.1148735958632094,-1.5649721086567805
0.655,-1.2714070211346276,-1.5169582633127303
0.656,-1.2077997930318431,-0.9621479812520388
0.657,-1.1501544375350883,-1.1080056653032455
0.658,-0.8776117091090467,-0.6826628187050532
0.659,-0.35318507617569117,-0.22274843453737928
0.66,0.42889121260784846,0.3674030470887596
0.661,0.9360412322266527,0.8838391809742425
0.662,0.9414182963399258,1.4985489772666836
0.663,0.482903212230139,0.6073054922129053
0.664,0.23847059285432548,0.1998943277594173
0.665,0.49200484546592177,0.6286308427469647
0.666,0.9467726530669919,1.0136443989542738
0.667,1.1342679874360786,0.48706107538774013
0.668,0.7627921161953886,0.9578174705070829
0.669,0.5812403167080517,1.1275220989349544
0.67,0.2666070274453497,0.03252306692833051
0.671,-0.2281487743322744,0.2080619503194757
0.672,-0.9233807147654666,-1.0004416239650415
0.673,-1.500615846368977,-1.4125744270740304
0.674,-1.5201187205436422,-1.19901071545169
0.675,-0.9803468533010048,-1.1963472826882475
0.676,-0.41796791289089413,-0.04521973904535276
0.677,-0.11220626751703505,-0.4764714519248368
0.678,-0.2783257691518789,-0.5408721938260539
0.679,-0.4643101774187319,-0.6423662726229896
0.68,-0.32346275953659925,-0.12486114960102859
0.681,0.11185845730994104,0.009596134139099807
0.682,0.35033738739775067,-0.10565495047800966
0.683,0.5810961082871056,0.5161362467321571
0.684,0.9213460405236378,0.6860796257633226
0.685,1.333800532883871,1.5531886191359814
0.686,1.7470737226761515,1.6441032063396204
0.687,1.0594816636178794,1.0807138863880748
0.6880000000000001,0.25498825928397123,0.13334652214176984
0.6890000000000001,-0.26212339337085255,-0.13194170290176588
0.6900000000000001,-0.45899942033386343,-0.5140766493750296
0.6910000000000001,-0.26466737867411033,-0.16710776426799084
0.6920000000000001,-0.3916138241060915,-1.1696303935286045
0.6930000000000001,-0.6226826924337727,-0.5935074293404369
0.6940000000000001,-0.7243121596035758,-0.6001380585705058
0.6950000000000001,-0.651569887132038,-0.7113539036064156
0.6960000000000001,-0.7932714763858459,-0.5924537349680835
0.6970000000000001,-1.0870591187433054,-0.8654770100454592
0.6980000000000001,-1.2238465650824775,-0.8325823975276265
0.6990000000000001,-0.8349579154891963,-0.8035144330675118
0.7000000000000001,-0.07224700995363918,-0.6463872213546336
0.7010000000000001,0.8285275267069657,0.14287769207007217
0.7020000000000001,1.194311466854258,0.7137591812319029
0.7030000000000001,1.1020592214253182,1.0906871030700773
0.704,0.7877000803009813,0.7405084938168116
0.705,0.8127150443823217,0.8955869999883138
0.706,0.7444993062961631,0.556925529529011
0.707,0.5320445858535818,0.3110972344018573
0.708,0.3797478875413005,0.5462622702644307
0.709,0.3227045529885749,0.5194818764003255
0.71,0.44028219052219475,0.3632871498780505
0.711,0.4151594031441422,0.4036164056724562
0.712,-0.2915929955699862,-0.17029869257128885
0.713,-1.1545454388305594,-1.003242366281661
0.714,-1.5748450368040234,-1.9180392466836453
0.715,-1.4805923324584653,-1.6964644892338505
0.716,-0.9943262936393407,-1.3634901073329566
0.717,-0.5609426222912423,-0.7130146067422914
0.718,-0.2614780733351764,-0.0177779965326271
0.719,-0.08326453175521778,0.08061702832791187
0.72,0.27454908380374116,-0.05488030430502644
0.721,0.45859986968495914,0.6122798877327537
0.722,0.3586712186947308,0.3844241502974664
0.723,0.14378282906891265,-0.004395183056863539
0.724,0.29092703180835816,-0.1310108647227312
0.725,0.9556409529077053,0.9031939414223753
0.726,1.484454746257916,1.6884379480927028
0.727,1.517142640884971,0.8682133463661336
0.728,0.8667292627127107,0.7478923033872759
0.729,0.16328245105337194,0.8395675606948605
0.73,-0.3191605420094197,-0.11736952643899154
0.731,-0.6031860677651945,-0.5252363192641517
0.732,-0.888378782053239,-1.109534332924513
0.733,-1.1329022561581208,-1.3364012075203118
0.734,-0.8230837887387571,-0.8480703074487461
0.735,-0.6367378242710096,-0.1558787354578688
0.736,-0.23267843423465134,-0.0930016769661722
0.737,-0.5422360198590941,-0.8038835391903408
0.738,-0.924011016282606,-0.5709749275674468
0.739,-1.0485947468064003,-1.1363730089538275
0.74,-0.5344097062717199,-0.025205761967535212
0.741,0.24889447135105697,0.07891356395974575
0.742,0.9468258166350796,0.6458460895639129
0.743,1.0775852229373466,1.1299740962814175
0.744,1.16615090286182,1.4608489980019095
0.745,1.3216819743504076,1.6329154133696806
0.746,1.1266714943151281,1.1744290243157716
0.747,0.6067083740272982,0.3102793676367148
0.748,-0.14938725779169482,-0.30098947436106027
0.749,-0.25584049244010193,-0.861325052946367
0.75,0.03863474185505833,-0.2353017194155877
0.751,0.1879407731074247,0.1344037286382458
0.752,0.08058418921596004,0.1972848314120037
0.753,-0.48589760741877047,-0.5877339038582041
0.754,-1.1268969137544844,-1.1439906302478062
0.755,-1.252822329294968,-1.3716779627199132
0.756,-1.1709074900701648,-0.9455998988132337
0.757,-1.1196099289283903,-1.389343810456352
0.758,-0.8570881722187145,-0.6058237979748166
0.759,-0.38425402194093805,0.20401022181323514
0.76,0.452963106292448,0.5948000030990274
0.761,1.0124790484300565,0.854351565362844
0.762,0.9549488663948215,0.794067823168786
0.763,0.4792390112219229,0.8421901778771521
0.764,0.29687804749552954,-0.04109878026606972
0.765,0.469326431204654,0.18318510512288477
0.766,0.9428589445903073,0.593524408429168
0.767,1.0812722202561242,0.6977180680999184
0.768,0.9554824643043134,0.6420375684903563
0.769,0.551688157855502,0.7886596403911499
0.77,0.2689417942465423,0.5996265636229496
0.771,-0.13285192089114095,-0.3419738425991959
0.772,-0.8720512328507194,-0.8098510190370124
0.773,-1.4453389792089606,-1.2175919766764904
0.774,-1.5493469591605982,-1.5191776982314493
0.775,-1.0895663774020783,-1.37604920468725
0.776,-0.37394816181372337,-0.8150686823551478
0.777,-0.17893447178420777,0.12419379415344481
0.778,-0.43109610908107326,-0.2822422853945591
0.779,-0.48747121439729885,-0.3143844463777027
0.78,-0.21942482804249125,-0.5517188983128003
0.781,0.08170268549818285,0.15219584336489844
0.782,0.34316396225113327,0.5318638384881798
0.783,0.47065090144025234,0.564861054534396
0.784,0.9780141427183155,0.7545071776760088
0.785,1.4829507372165824,1.786628890236183
0.786,1.6676864335186716,1.2093968490650395
0.787,1.1611570148758634,1.439779592317946
0.788,0.18878762660179665,0.5131044098279186
0.789,-0.3832307015097598,0.08846839375080762
0.79,-0.5134218011688453,-0.6161694582439782
0.791,-0.31463390706628075,-0.6144629120347369
0.792,-0.36136404198202104,-0.12319993328950701
0.793,-0.46817582634005417,-0.6779404100661465
0.794,-0.7406256394268123,-0.7274269859936157
0.795,-0.7510544816770213,-0.8462931468250429
0.796,-0.7722296836763011,-1.0428512751002266
0.797,-1.1011822561599218,-1.0048824163044543
0.798,-1.2549780947013702,-1.672582869668781
0.799,-0.9305529062899974,-0.7528912017967856
0.8,0.07055860319450608,-0.21952072334251427
0.801,0.928344867754652,0.4088254638142741
0.802,1.2308714536564553,1.2158392160193674
0.803,1.027766450081028,1.157256605924395
0.804,0.8230048847322808,0.9960852638482481
0.805,0.7263675778699449,0.9718736971180932
0.806,0.7225796402387424,0.016487520331618266
0.807,0.5324897328298269,0.23094640354282547
0.808,0.2320824942483209,0.26407818259923055
0.809,0.30650640322401745,0.7622073872048611
0.81,0.4489037621871263,0.6840271102895445
0.811,0.41341342460484126,0.9838154401592749
0.812,-0.20618454122731644,-0.3636663681015161
0.8130000000000001,-1.1729231360285106,-1.0905980374439082
0.8140000000000001,-1.6178149098880872,-1.9478061521588792
0.8150000000000001,-1.388734308263263,-1.5100399741504629
0.8160000000000001,-0.98755486030073,-1.208143575785622
0.8170000000000001,-0.4536296507157722,-0.6438262485107885
0.8180000000000001,-0.3551968949731204,-0.4732316313288194
0.8190000000000001,-0.054489510303948274,-0.05367424833674401
0.8200000000000001,0.29333534555421675,0.29999914490916196
0.8210000000000001,0.4846894516601103,0.647725483534928
0.8220000000000001,0.3075910418822918,0.3495875820983496
0.8230000000000001,0.13349816189946032,0.030284473244572716
0.8240000000000001,0.33763281993906635,0.18085925747948242
0.8250000000000001,1.0163481297702555,0.9242086137226503
0.8260000000000001,1.5475959540587836,1.412884811624694
0.8270000000000001,1.5662738882491207,1.7135652048037147
0.8280000000000001,0.8946450109217329,1.1543025681231116
0.8290000000000001,0.10842731997639385,0.4906406813605192
0.8300000000000001,-0.27764914535642315,-0.5169599733385484
0.8310000000000001,-0.5125405916259195,-0.37172892402429447
0.8320000000000001,-0.8614728107535247,-1.2798767032313274
0.833,-1.0837903299528677,-0.9718379144770943
0.834,-0.9453650611796268,-0.6205633765523075
0.835,-0.4811079104119996,-0.5259847609120981
0.836,-0.3032948871285932,0.018495927049068717
0.837,-0.4942918784004569,-0.8358622394950999
0.838,-0.8952721844655855,-1.1618657693930765
0.839,-0.9836222961039917,-1.0243652488970976
0.84,-0.4635491201547619,-0.1568860137790145
0.841,0.2874142280826583,0.16218539118006184
0.842,0.9077032984050882,0.7716373681324559
0.843,1.1909280564130493,0.8934395488996432
0.844,1.2247567872695304,1.2856211006023168
0.845,1.2842337910687904,1.6582423333371212
0.846,1.1639410430315562,1.3741450757596638
0.847,0.5437500542225713,0.7527452505234506
0.848,-0.09565894222995869,-0.15775128470705788
0.849,-0.2693802502825316,-0.4383730580617059
0.85,-0.12913983164851683,0.07403394327639423
0.851,0.2133231694805555,0.20374984679031324
0.852,0.040776332198787596,-0.011306138517026929
0.853,-0.6383761289675624,-0.3689039422464777
0.854,-1.1777861836813401,-1.2371224191831591
0.855,-1.3157300430191188,-1.5670629208346805
0.856,-1.2865842772622518,-1.013827728662962
0.857,-1.1045382338658625,-1.0803222667357024
0.858,-0.8858400171746965,-1.1969488203293042
0.859,-0.3046340259786493,-0.6385057944401342
0.86,0.5332374596722254,0.5618610224202853
0.861,1.0078198705063663,1.709042768949849
0.862,0.9198469427750493,0.8020007617111867
0.863,0.48298112781107616,0.3820989700854026
0.864,0.2722484997444204,0.7293798590295364
0.865,0.4736348094219067,0.4564504494847521
0.866,0.9422050420794972,0.5076649831051008
0.867,1.0957458131222775,0.6239068773578256
0.868,0.7944649028432067,1.1624640949794507
0.869,0.6056791368063164,0.8055854994813729
0.87,0.34796142786917367,0.5957991403985315
0.871,-0.16548828150577605,-0.18281524901938986
0.872,-0.8381624501798769,-1.0561760579747161
0.873,-1.4988861888026948,-1.5640351235199448
0.874,-1.496125174153906,-1.455315808941593
0.875,-1.0530611143723243,-1.3045544610819346
0.876,-0.38214268476918434,-0.21370771190384633
0.877,-0.2060033124780774,-0.5838821631179938
0.878,-0.34692723012709964,-0.44675485949966687
0.879,-0.573825970241,-0.6350283319839509
0.88,-0.2275695440279061,-0.4348754879805167
0.881,0.007407176874094319,-0.6542444296318523
0.882,0.31556233677038087,0.4499232360037566
0.883,0.5270995854808787,0.3003743573487985
0.884,0.9160634986760694,1.3137758864733808
0.885,1.4311392513157828,1.3285445680105672
0.886,1.6880540987795798,1.5256462222502136
0.887,1.1137435541353713,1.1412001381690344
0.888,0.27033517210885794,0.5863670966979924
0.889,-0.4212355052015772,-0.5902578041370281
0.89,-0.5078873297399799,-0.2034660212910468
0.891,-0.2885173448476465,0.1435737474576403
0.892,-0.2699735708313523,0.027123272365431328
0.893,-0.5425651648134716,-0.054635717515794435
0.894,-0.7687730135866141,-0.38097920728287343
0.895,-0.606209569866254,-0.15174488169835226
0.896,-0.8187864694151877,-0.3374885735904954
0.897,-1.1244066726733026,-1.0619858137843134
0.898,-1.10402370019132,-1.2327908700629795
0.899,-0.9092562911056502,-1.587929381678792
0.9,-0.07308663441310567,-0.46990657026964433
0.901,0.8548826880736193,0.7203978483259806
0.902,1.252122174380838,1.1376016482086682
0.903,1.0568428805694343,1.0110045415488083
0.904,0.7333725441408473,0.4331443970662222
0.905,0.7972435538601887,0.3185102704277945
0.906,0.6715980361049338,0.6325310861649159
0.907,0.4745650151764452,0.417739636532908
0.908,0.3645286655599007,0.12226245309494085
0.909,0.3785828446789799,0.15593719618386448
0.91,0.4346536032667635,0.15260662570504147
0.911,0.3110932962798849,0.1921361745749896
0.912,-0.20525474950624048,-0.4621455976048159
0.913,-1.2423917644433042,-0.8644291649881997
0.914,-1.7025652545717642,-1.630266234958228
0.915,-1.4271559506450358,-1.718851326052991
0.916,-0.9569368516733316,-1.041071186113568
0.917,-0.5509226051490801,-0.9050082870544373
0.918,-0.29492677228987746,0.008723716262558912
0.919,-0.06327621926167754,0.3519797981125684
0.92,0.2289582900381787,0.6045588848640882
0.921,0.5479182739669395,0.20451048459416016
0.922,0.4157256466220398,0.38834554070418703
0.923,0.17332394527659004,0.05285274262271526
0.924,0.3732755350286289,0.5418794668028835
0.925,1.116981240301026,0.8146082993158565
0.926,1.5172725560824647,1.3145050478821598
0.927,1.4419978225704966,1.3180327140649541
0.928,0.8443196230692945,0.8903061638090217
0.929,0.20748557989044653,0.41572419233181246
0.93,-0.21425408842534555,-0.31287239624632784
0.931,-0.575325122249347,-0.37613559959148046
0.932,-0.8475863396724093,-0.600963432633268
0.933,-1.1492124243837725,-1.2131769954453189
0.934,-0.9635426137138957,-1.337240053573575
0.935,-0.5664862616263853,-0.9178433622566273
0.936,-0.3112204486032947,-0.1337023560578242
0.937,-0.393929569146134,-0.5367969000405348
0.9380000000000001,-0.9584081747982024,-1.4721969716029388
0.9390000000000001,-1.0257749450822824,-0.8418892346273822
0.9400000000000001,-0.4572358187517141,-0.4183694625878484
0.9410000000000001,0.37079554974652146,-0.05099457459626705
0.9420000000000001,0.883132265267443,1.2369582596282367
0.9430000000000001,1.2222023997539102,1.473193195901235
0.9440000000000001,1.2007026136731695,1.2423261890602233
0.9450000000000001,1.3068284481577424,0.9245326378374172
0.9460000000000001,1.139934062285991,0.7192349024204061
0.9470000000000001,0.6424591553996009,0.5503386093471699
0.9480000000000001,-0.03281247743933988,-0.5469870943044267
0.9490000000000001,-0.2768321726825484,-0.15530809072720278
0.9500000000000001,-0.047374429745379254,-0.4706214237594802
0.9510000000000001,0.2832428604612273,0.3327166792376369
0.9520000000000001,0.12824166655932892,0.041802230741310994
0.9530000000000001,-0.5912257757430684,-0.3776901953139552
0.9540000000000001,-1.0997068476659453,-1.3810911262443917
0.9550000000000001,-1.281585236711947,-1.1994664018545298
0.9560000000000001,-1.161260029666614,-1.579712087517007
0.9570000000000001,-1.1244723310847435,-0.8858074655539214
0.9580000000000001,-0.7417441574216863,-0.7762326873049347
0.9590000000000001,-0.36986234174931937,-0.22110714105969026
0.96,0.45725070364822945,0.06109309959981979
0.961,1.0460992767270194,1.1958245594285493
0.962,0.9336305003326663,1.0254915192237788
0.963,0.5195077129136091,0.628617080727618
0.964,0.2360737442892461,0.32986393319344187
0.965,0.5207314927183793,0.46269232788127496
0.966,0.9485554074999643,1.3209451735947615
0.967,1.1587712317572187,1.1120018360275077
0.968,0.8975243531894942,0.6757735930722456
0.969,0.6022300960837563,0.5846122380730747
0.97,0.2609963215194371,-0.024159062113921992
0.971,-0.08547535015514228,-0.22467427715439547
0.972,-0.8148164774287809,-0.8679904622856006
0.973,-1.3855194058783042,-1.4993856420720622
0.974,-1.4303911905873845,-1.3705720687457388
0.975,-1.015338288801446,-0.431609871409548
0.976,-0.3913339907792991,-0.22004903882546292
0.977,-0.2062595666428146,0.1154306275436128
0.978,-0.3566539195634701,-0.5077667507739411
0.979,-0.5032157791140818,-0.6793206656656263
0.98,-0.27591740616761584,-0.3893708202355127
0.981,0.048409157237731044,0.3042758864183942
0.982,0.29448763857547766,-0.3499479048937917
0.983,0.5909549945257703,0.28100556193836007
0.984,0.9072752127145765,0.9379759667648424
0.985,1.4971836558051477,1.4299559456862692
0.986,1.620937085242539,2.2112559898854527
0.987,1.1762440090339727,1.3105489737567697
0.988,0.32603974021320103,0.12738230715405682
0.989,-0.39631557360305913,-0.8695976941648633
0.99,-0.4534766127839391,-0.5556446232652977
0.991,-0.3031900590653974,-0.6941560838689218
0.992,-0.35646511561408767,-0.21643992048855723
0.993,-0.5217599692099609,-0.47342807253745745
0.994,-0.6832209947406486,-0.5872114151128291
0.995,-0.685463832831427,-0.06171083339291583
0.996,-0.7858789488444604,-1.0581187432705497
0.997,-1.0426176876741846,-1.1003389500129566
0.998,-1.2911254768218856,-1.6548802001685583
0.999,-0.9069603801871003,-0.931139935032138
1.0,0.027798133985450713,0.5057802187704586
1.0010000000000001,0.9336783707796977,1.1042950905158393
1.002,1.21262918837346,1.1782830746966997
1.0030000000000001,1.052563004161374,1.1280520788073412
1.004,0.7873616702597492,0.42410497887667226
1.0050000000000001,0.7161813711890418,0.598061257680725
1.006,0.724715699269625,0.7502914716407411
1.0070000000000001,0.4428954631778277,0.47272205919039023
1.008,0.31402779212946436,-0.14515708119012066
1.0090000000000001,0.3240813824143299,0.4223683361847643
1.01,0.42551174069988473,0.5092706884541478
1.0110000000000001,0.4648599462823646,0.351744584400531
1.012,-0.24869869951510723,-0.24744619979035715
1.0130000000000001,-1.0618553465390326,-1.5069028125494328
1.014,-1.6807603226935803,-2.124699007290885
1.0150000000000001,-1.5208932642237951,-1.4804870855223238
1.016,-0.9429566132239381,-1.1432735704987873
1.0170000000000001,-0.62166015586084,-0.6251268119281305
1.018,-0.30181932308330006,-0.04997212138801865
1.0190000000000001,-0.0507765364841792,-0.10295551557572595
1.02,0.3446758902233491,-0.49852452622541
1.0210000000000001,0.5191665737248515,0.4739704823185835
1.022,0.32860107648345743,0.18428786988524687
1.0230000000000001,0.10818248434916855,0.03777417805229254
1.024,0.4566340953241503,0.7265533390956163
1.025,0.960394248971642,0.48683519318930785
1.026,1.478817970479772,1.5520049576521673
1.027,1.400733868689193,1.8718250422625626
1.028,0.881960826384103,0.6941778918935657
1.029,0.10797447186213527,0.24967283771785642
1.03,-0.33157784945523705,-0.04168611576399639
1.031,-0.5555119993702946,-0.4924425676396664
1.032,-0.873350137498259,-1.078879231597687
1.033,-1.11421302406988,-1.32706932728228
1.034,-0.9102442349691748,-0.6871041888393802
1.035,-0.4712059672475761,-0.2935612400130559
1.036,-0.21161298554134178,-0.44755351006270944
1.037,-0.4396624214763617,-0.7926043677846866
1.038,-0.8986625651513788,-1.2829045793960776
1.039,-1.0879890496798343,-0.5894934913244031
1.04,-0.39206571782870164,-0.41244925394585125
1.041,0.3210037469157135,1.0290723226117378
1.042,0.8894843303280182,1.056148011249181
1.043,1.1399827602001733,1.2718394570503129
1.044,1.276103637729833,1.367985384221388
1.045,1.3148125267117223,1.614557481770932
1.046,1.1479313365515864,0.8581123810383655
1.047,0.5407454721872383,1.1887494046984588
1.048,-0.05651993743789315,-0.08661044822144272
1.049,-0.3137287507039288,-0.5247487783617721
1.05,-0.035997026607145696,0.05477127407938033
1.051,0.22634196754741603,0.5540436303566554
1.052,0.05037323044485611,-0.25189323229003663
1.053,-0.5182520266640933,-0.34819121493177196
1.054,-0.96760528992225,-1.1825385371981931
1.055,-1.2844176442687858,-1.4362997042211323
1.056,-1.271856666973479,-1.4187013925999883
1.057,-1.020985477560065,-0.791923037614289
1.058,-0.874115702771831,-1.2068375223101442
1.059,-0.3389347160967624,-0.2811498830863786
1.06,0.4860207320437086,0.382995372818931
1.061,0.9371634197039399,0.6830003663163812
1.062,0.9299169999084056,0.5658599190820615
1.063,0.47358962879962196,0.11272313144482116
1.064,0.2657977563291342,-0.22434104896670487
1.065,0.5435425545628558,0.8123927126876361
1.066,0.9513184211800997,0.8788224723907335
1.067,1.0811251552361243,1.1287207342559973
1.068,0.877218627920221,1.2306754372647002
1.069,0.5831665219740783,0.21713137489461243
1.07,0.24231850313048067,-0.040145199464233755
1.071,-0.205419045017519,-0.129004384009384
1.072,-0.8291774632158676,-1.3764013288399775
1.073,-1.526613446158915,-1.7002260000579756
1.074,-1.526717624787236,-1.8041855467173762
1.075,-0.9530626562159897,-0.8542059235651291
1.076,-0.34066325066121,-0.4684080105703707
1.077,-0.21546583742897202,0.3869789463841155
1.078,-0.39248806657555624,-0.11112065495473794
1.079,-0.4676994419165018,-0.7236709871990952
1.08,-0.3139575164028174,-0.4301515476398724
1.081,0.03980473333182284,-0.06447062054281033
1.082,0.3424129266769784,1.3343852314101468
1.083,0.4883614030464787,0.03530150985303637
1.084,0.9341074887766648,0.9951693988980487
1.085,1.4355241343432947,0.810194493734836
1.086,1.5890776967002023,1.5869964643384256
1.087,1.0971716743569226,1.670138842929626
1.088,0.2906497713442704,0.1681131418420379
1.089,-0.37856964145769506,-0.04720331501608044
1.09,-0.5194862895893376,-0.5393208573752988
1.091,-0.32368478273172374,-0.45043439777935423
1.092,-0.39843436099315843,-0.47393126867707724
1.093,-0.5704649850762579,-0.7465357786302583
1.094,-0.5901982932612326,-0.7780157748281796
1.095,-0.7106195663370045,-1.1096778900343531
1.096,-0.7393760576519756,-0.2873358389671425
1.097,-1.0506017214469074,-1.1685246401849405
1.098,-1.2163364678176392,-1.1282041745879132
1.099,-0.8558917719291528,-1.1188513273610885
1.1,-0.055230829876309805,0.2798663379482952
1.101,0.8875078635493475,0.8054411301769986
1.102,1.3126881893005504,1.2853783889432089
1.103,1.0075522751871029,0.45885928459831926
1.104,0.7476370113169544,0.8664298746588379
1.105,0.6907228099854779,1.2341745214315516
1.106,0.7111282236634101,0.4504049478634366
1.107,0.560045237879363,0.4225764917686182
1.108,0.37986457837780624,0.03836739091330138
1.109,0.33710461402539377,0.3758532662975066
1.11,0.4724256018576485,0.4916328612296969
1.111,0.44411901741243337,0.655643347860774
1.112,-0.22157111176998434,-0.056129047729708476
1.113,-1.2148095596032442,-1.4585643734589244
1.114,-1.5149157595841443,-1.4474313448648322
1.115,-1.3870321887377655,-1.4855225207545073
1.116,-0.9625799354105861,-1.2898898286236
1.117,-0.518830232632555,-0.556886994521339
1.118,-0.24634966511479076,0.8941483993753438
1.119,-0.0642475377192305,0.6303036524825529
1.12,0.33041021566518713,0.37235819499548256
1.121,0.5393434303451782,1.0610005927484052
1.122,0.29873364859099705,0.2851186393471157
1.123,0.13294072440854438,0.11699922257610042
1.124,0.41708925414758347,-0.1677822821413455
1.125,1.0230407238573882,0.7350090540741023
1.1260000000000001,1.5772840263489727,1.34223424715303
1.127,1.4483482709294941,1.4806039804291231
1.1280000000000001,0.8116453000594666,0.8158406605172495
1.129,0.03398750830422097,-0.13969519711333922
1.1300000000000001,-0.35119264747161255,-0.5278366073317656
1.131,-0.5600431859325853,-0.609889126614971
1.1320000000000001,-0.821775040992262,-1.2361985361969468
1.133,-1.0537493327037513,-1.237540900814319
1.1340000000000001,-0.9543559070194978,-1.0687428679619864
1.135,-0.5380603201769527,-0.9127450000988151
1.1360000000000001,-0.250019879356435,-0.34909124733579827
1.137,-0.4740978459048536,-0.724539994965206
1.1380000000000001,-0.8485665659609332,-0.4779518483580901
1.139,-0.9918726111577689,-1.0650137502995054
1.1400000000000001,-0.5495905562573905,-0.6064542567343632
1.141,0.24227637964621368,0.3706848117526238
1.1420000000000001,0.9350144757962049,1.1021049708483937
1.143,1.0256766209803199,0.5048040796902747
1.1440000000000001,1.242660885237406,1.1296256525051454
1.145,1.2804739893858232,1.0077642915101959
1.1460000000000001,1.1176661138916386,1.0741150406336732
1.147,0.5640000469218052,0.4031002905621309
1.1480000000000001,0.002894822978121818,0.050015661835464284
1.149,-0.28066277909041965,-0.5748005527590664
1.1500000000000001,-0.0016659641422674424,-0.17199613659832352
1.151,0.19448051279317716,0.01713261211647124
1.1520000000000001,0.06850895058011376,0.39328636172138176
1.153,-0.5441545607112683,-0.4337534629271054
1.154,-1.1141967495539977,-1.003530137278298
1.155,-1.223997813091872,-1.3098932973348798
1.156,-1.20167744484669,-1.3170928004747562
1.157,-1.0692857712469188,-0.9009849046976276
1.158,-0.7766513084346911,-0.5434211282965556
1.159,-0.3834049958658265,-0.37886096017717424
1.16,0.45273699075757673,0.7952313744004071
1.161,1.0705025872827043,1.4527490955372595
1.162,0.9656002991235441,0.4661908873068697
1.163,0.511927409901551,0.6410410753364659
1.164,0.30251139796158366,0.2897308194142727
1.165,0.5408250523084493,0.6573116964989222
1.166,1.0295236796946095,1.3643166381026322
1.167,1.0991962095169676,0.8230347605895356
1.168,0.874996257265162,0.38891402653839335
1.169,0.5703444243717927,0.9022018662271063
1.17,0.3035358239238215,0.003990430444697768
1.171,-0.19177034612406466,-0.3976362003003753
1.172,-0.7875619078839611,-0.726175639858066
1.173,-1.4614986583513814,-1.667329204699788
1.174,-1.4399984434403108,-1.91766163193499
1.175,-1.0037825235294227,-0.993525593304705
1.176,-0.3499729200483139,-0.5844183177368716
1.177,-0.15072720777463394,0.02863075558644665
1.178,-0.3807527957330968,-0.5325757625566933
1.179,-0.43450766524064777,-0.6410415068568872
1.18,-0.19863944411823026,-0.2616396058512931
1.181,0.05489863710143568,0.37054468015303677
1.182,0.29754366333527077,0.5699148878265761
1.183,0.5199743011665761,0.1920064464286601
1.184,0.8595511296062619,1.699463424332337
1.185,1.4666376009624498,1.3689047035869413
1.186,1.6537840774023929,1.3080593587145426
1.187,1.1927634800494484,1.459233077064082
1.188,0.30477904993459604,0.1962773127282905
1.189,-0.4019856150536844,0.24413023729821043
1.19,-0.4893694078863008,-0.23514690124184068
1.191,-0.25593443707131963,-0.31555039096395004
1.192,-0.32516719049062626,0.14742487282903505
1.193,-0.5593008216849209,-0.30456625824378747
1.194,-0.6280510975328698,-0.9967196566133367
1.195,-0.6542280905012128,-0.3877098576294917
1.196,-0.7750194144147068,-0.9299656469992419
1.197,-1.0770161750786442,-1.1020140606526467
1.198,-1.334338945541966,-1.2950226107767275
1.199,-0.8595694961343379,-1.123298299814216
1.2,-0.044818486127656036,-0.44482116979486647
1.201,0.7909180759560452,0.9012532792321343
1.202,1.3129859559471724,0.8965159063462136
1.203,1.0797256922402216,0.30716490420944187
1.204,0.719008594347701,0.4681769130362721
1.205,0.6453873047058376,0.7447150311523572
1.206,0.7412251091131924,0.6602607690422031
1.207,0.4899008138702099,0.8700400960562313
1.208,0.3813014890132798,0.4364275376427865
1.209,0.3429526679833009,0.11305977239917658
1.21,0.5023580841759016,0.3704830190320534
1.211,0.4013954337125498,-0.02956697406820369
1.212,-0.247204119275718,0.07853504813606127
1.213,-1.0960000238315843,-1.5103300496564716
1.214,-1.6639381897276935,-1.9400604793634741
1.215,-1.4712306594758076,-1.519316525604396
1.216,-0.9165718948884178,-0.9158659155411711
1.217,-0.5095762517901338,-0.9603713608430705
1.218,-0.3723169428780547,-0.6439776814439033
1.219,-0.08065798144959987,-0.0011458007778042678
1.22,0.30653280141725064,0.6454498091163487
1.221,0.4637137712146478,0.5684148398417003
1.222,0.43820787202639583,0.43046494354913956
1.223,0.14339965734998308,-0.3253229628110562
1.224,0.36290791187813537,0.17770520791250824
1.225,1.0384715089089156,1.1949197813022319
1.226,1.547620835494968,1.8719048364514344
1.227,1.4477129488019362,1.7145257212485125
1.228,0.7882708841632333,0.8296923774969154
1.229,0.14899518495314684,0.5103753249479003
1.23,-0.2419378041272621,0.622500409821927
1.231,-0.53844172946061,-0.7166003040754163
1.232,-0.9019120780432363,-1.1308468166467471
1.233,-0.9934695031817482,-0.5379246254478318
1.234,-1.020272702819921,-0.9496333452042951
1.235,-0.6036060239425387,-0.5699137174143578
1.236,-0.2128509997654531,-0.09513870146771539
1.237,-0.46671638102936636,-0.6630623325848544
1.238,-0.9462687690230536,-1.2567073544482303
1.239,-1.054123186059458,-1.2872674389239511
1.24,-0.3594882661835214,0.01429561086578296
1.241,0.31175883000564514,-0.11923336939972928
1.242,0.8857865674902443,1.0353829611848093
1.243,1.100128898914741,0.9328226609070882
1.244,1.2261764104722692,1.120166343857666
1.245,1.320897349172505,1.543782642155005
1.246,1.1627752290745785,1.415971903081947
1.247,0.5519455660220787,0.6548385273821595
1.248,-0.07275652431235245,-0.6346924230221543
1.249,-0.3580718280811402,0.11321758452159714
1.25,-0.03901522032510245,0.35404373483476564
1.2510000000000001,0.28457632748547723,0.3120073774428214
1.252,0.110425593769926,0.1135029388577495
1.2530000000000001,-0.5407547097413965,-0.00031994715534999774
1.254,-1.1431886457806242,-0.8590213643925059
1.2550000000000001,-1.357051271750494,-1.3658395928229699
1.256,-1.3433039698570775,-1.431005572612421
1.2570000000000001,-1.026647945313809,-1.0847090786171172
1.258,-0.8885379582735676,-0.535368341954418
1.2590000000000001,-0.32832753670807857,-0.016330001296072316
1.26,0.4821069565429731,-0.0019199469066678576
1.2610000000000001,0.9289166473122082,1.0683093669720274
1.262,0.9013047327023747,1.160541132115657
1.2630000000000001,0.5791820024479866,0.12724305265647112
1.264,0.2861482079172481,0.2852587824857513
1.2650000000000001,0.5424341996781464,0.009321117765190734
1.266,0.8688190844189438,0.9076669352013599
1.2670000000000001,1.1924883457595956,0.5675179951857112
1.268,0.7918631565390014,0.5873394994266261
1.2690000000000001,0.6585127284376823,0.47519295408914186
1.27,0.18813982538687857,-0.02451512065590325
1.2710000000000001,-0.06365121014709484,0.3718071949452751
1.272,-0.7451928471572447,-0.5845396762355135
1.2730000000000001,-1.496197127728692,-1.6160677858257122
1.274,-1.509965179719657,-1.7898885319878872
1.2750000000000001,-0.9726259713947211,-1.0442588664482908
1.276,-0.41170855841859316,-0.7204424489083878
1.2770000000000001,-0.23551319762454592,0.056410803620353556
1.278,-0.4153608111346987,0.18366898932963704
1.2790000000000001,-0.45706409566854445,-0.1411041262439111
1.28,-0.29814840627222294,-0.19864130260867816
1.281,0.027422446419269268,-0.022266188568674565
1.282,0.3609060031728869,0.23937411633444852
1.283,0.5631291331889022,1.0867145049951805
1.284,0.9163960879538867,0.7436154056974263
1.285,1.4154681821966575,1.8837977492653823
1.286,1.667397258536363,1.3279354859303183
1.287,1.11314641536267,1.0242769190432077
1.288,0.2617369060036269,-0.25248007181260884
1.289,-0.30234571230042445,-0.2545754519319405
1.29,-0.45041184614385466,-0.8295301327067166
1.291,-0.3552430523397343,0.1442717696973982
1.292,-0.3084609361459633,-0.18477925464764233
1.293,-0.5814315923378771,-0.42021256827483167
1.294,-0.617250912207155,-0.532447377457724
1.295,-0.7341863113338978,-1.0619485556512391
1.296,-0.7655954666547757,-0.7283599803346277
1.297,-1.0319406739556942,-0.4808164675953709
1.298,-1.2257824061610432,-1.22321592835915
1.299,-0.9869821241700181,-1.2920869846574619
1.3,-0.07232105319916053,-0.6280238502076714
1.301,0.8664371626345828,0.6524390655169597
1.302,1.2497165212463004,0.721047851984037
1.303,1.0404383419754961,1.2895935526882754
1.304,0.7281016303459963,0.9624518102006699
1.305,0.6386861578977231,0.37598160973155803
1.306,0.6775991427796363,0.8617935353204641
1.307,0.5103755424630496,0.337439146575955
1.308,0.34213581851646185,0.3284515336840041
1.309,0.29581377924404634,0.40740044471353976
1.31,0.5056636409690395,0.37247563825719177
1.311,0.351428172445854,0.476889177041789
1.312,-0.2695745463377668,-0.7752929614780323
1.313,-1.1574279027724323,-1.1221854063760415
1.314,-1.6803525199470353,-1.6908381266633556
1.315,-1.4442723253259138,-2.058190266200347
1.316,-0.9948490241269281,-1.5377560819463745
1.317,-0.5638078132179748,-1.1216648949060528
1.318,-0.31622358491200947,-0.1919315347348241
1.319,-0.12050648088220271,-0.08331859282070449
1.32,0.27764587823024645,0.3598331513824585
1.321,0.44854918867951094,0.05063564092706252
1.322,0.3300672343535904,0.67175937755347
1.323,0.1600609169541446,0.45491328289936156
1.324,0.3310231530999703,0.10093424259297185
1.325,0.9889962110089093,1.3418142939450481
1.326,1.5965276359508613,1.5212509169165134
1.327,1.453686743749517,0.9208252365465075
1.328,0.8833586692581961,0.3935502394129283
1.329,0.1512442041836948,0.37136125054019653
1.33,-0.25518459565527424,-0.286399238855968
1.331,-0.6011194391040164,-0.3367519551678371
1.332,-0.8577575437161421,-0.8842694811358661
1.333,-1.073612604899809,-0.9933113368915754
1.334,-0.9785750952618373,-0.34151716836778523
1.335,-0.5656131580671692,-0.1465584317777489
1.336,-0.33539213038369325,-0.4652403109668164
1.337,-0.40320142311185303,-0.2907108057009151
1.338,-0.9674139861755144,-0.8190803532569776
1.339,-0.9318835960206099,-0.7034662457717779
1.34,-0.49890291683040455,-0.4776002752739956
1.341,0.26277962141162997,0.11472006626311912
1.342,0.8902024659632454,0.889115620792295
1.343,1.0526750469654618,0.908588914121949
1.344,1.2328589585319563,1.737869142903894
1.345,1.2772520379036623,1.6494699095542589
1.346,1.1501752533926832,1.0890907477288667
1.347,0.5222973828648383,0.6507850610729817
1.348,-0.016606872095620756,-0.06624465136632757
1.349,-0.24662205353006506,0.11135028726039853
1.35,-0.045982534503174244,0.26868162042222354
1.351,0.4031674737138584,0.5737507235271245
1.352,0.08518057631471729,0.346559857199075
1.353,-0.4561833325335976,-0.258012090121124
1.354,-1.046140637649331,-0.6939220815068412
1.355,-1.3033343651570608,-1.1439949531583014
1.356,-1.2250496003159261,-1.1794794415815693
1.357,-1.1044076032239165,-1.277575290303688
1.358,-0.9505779364694109,-1.4221031577173655
1.359,-0.3406960423653594,-0.34905055651737316
1.36,0.48786655934657513,0.26554989932533635
1.361,1.0754925277260339,1.093495247813171
1.362,0.8801552475590559,1.222301774815183
1.363,0.5221112349277172,0.5739586375598231
1.364,0.1982491939132012,0.07374869258031401
1.365,0.49515574059186124,0.2392171531333689
1.366,0.9250617786035419,0.4960212163763623
1.367,1.0988988051052841,1.4987404057125304
1.368,0.8858683843063411,0.3528610786275663
1.369,0.6105135779062261,0.33007867003690794
1.37,0.3324344741664825,-0.3615261059426376
1.371,-0.12176107131314301,-0.21660354403805787
1.372,-0.8065773134318244,-0.9092626813599989
1.373,-1.3755501371073604,-1.4968384632962084
1.374,-1.5566405073949257,-1.5755794773878464
1.375,-0.9612635840467199,-1.2076431063720476
1.3760000000000001,-0.4614260305819069,-0.735522722728527
1.377,-0.14249060494282126,0.4028573190355015
1.3780000000000001,-0.37363742110160575,-0.473856305610617
1.379,-0.4839859475448952,-0.21168836006086567
1.3800000000000001,-0.24188831389342935,-0.4929196266893258
1.381,0.06386968856069684,0.5476882669863229
1.3820000000000001,0.35682697967503224,0.8110816189773715
1.383,0.6114139784762871,0.68071958314147
1.3840000000000001,0.9736239227154797,0.6437644448246347
1.385,1.5340803113785524,1.5601807270968506
1.3860000000000001,1.6249061227180057,1.639097472730323
1.387,1.1396150896769666,1.2115022639038155
1.3880000000000001,0.23064569205698812,-0.0628204928029131
1.389,-0.32901178119951285,-0.7859118220533012
1.3900000000000001,-0.45482369045788357,-0.40611477924327316
1.391,-0.33749142544687266,-0.34057882034698816
1.3920000000000001,-0.30876055395475205,-0.3081380473789421
1.393,-0.4817209252561648,-0.17368075160087454
1.3940000000000001,-0.6996404195564965,-1.1421885644659062
1.395,-0.7535540143961955,-0.45034589959985405
1.3960000000000001,-0.7693634162141797,-0.9923316782193751
1.397,-1.1463555822431042,-1.264922201998122
1.3980000000000001,-1.1953063973597553,-1.4430402063351364
1.399,-0.9101210557793877,-0.8832350984276123
1.4000000000000001,-0.02346553681389652,-0.5952108992538747
1.401,0.9328394603520502,0.7624137442658921
1.4020000000000001,1.1654867857184714,1.0107598221328655
1.403,1.1446822348308112,1.5238612955397697
1.4040000000000001,0.7519469019166551,0.7971563450528205
1.405,0.6799448266845929,0.8886003201334837
1.4060000000000001,0.7487382571629541,0.7505199014789048
1.407,0.5692341083525709,0.2545639969137566
1.408,0.4390554815906451,0.7112169420456194
1.409,0.3015694031703323,0.04793700055006206
1.41,0.4695079262143126,0.31163492398248516
1.411,0.3071948619337145,0.3618247955765844
1.412,-0.2733817767443447,0.010279860089787096
1.413,-1.176097148569015,-1.2365125115538382
1.414,-1.6636725222571993,-1.2105151026622167
1.415,-1.5627376459752969,-1.7341811704909267
1.416,-0.8711388462776218,-0.6714620601912323
1.417,-0.608555911840755,-0.607471021555544
1.418,-0.4526777425342241,0.011323808929501744
1.419,-0.11505871916351695,-0.050736915185222234
1.42,0.26370064850648833,-0.2994931969103407
1.421,0.4266368035038174,0.7531373664466696
1.422,0.40439012101441096,0.3799255670122527
1.423,0.15616535815787957,-0.009753215162635276
1.424,0.3722881144772422,0.7391775430534938
1.425,1.0305195882152447,0.9311269974063942
1.426,1.545394824682147,1.7253908476308495
1.427,1.5039050365344548,1.2733900407451517
1.428,0.7706216829255927,0.5197826448771965
1.429,0.10654357704939701,0.6497181052244804
1.43,-0.2605942688426794,-0.4967040900214851
1.431,-0.6891242137697348,-0.8645554946949753
1.432,-0.9317621259362057,-1.4442583634965107
1.433,-1.0552586394216088,-0.5662639662192619
1.434,-0.9719562600679499,-0.8525567630794204
1.435,-0.47766636434691234,-0.4063324743111333
1.436,-0.2204198461456709,0.07212167702791761
1.437,-0.537913048969026,-0.9367140197693062
1.438,-0.8984609873345311,-1.0607750219104324
1.439,-0.9391097568983353,-0.9665410762731885
1.44,-0.46815653806510515,-0.9326978532836434
1.441,0.25703104253556686,0.6504591804405522
1.442,0.9030460060435939,0.8975172909855837
1.443,1.116005870380525,1.0190192795038748
1.444,1.2315665517606538,1.302434198631139
1.445,1.3296895708181053,1.1039148855170655
1.446,0.9764233855755413,0.9899572867194312
1.447,0.6147535641142439,1.6430151282149918
1.448,0.032232165534167606,0.21363677460790795
1.449,-0.24918876393176087,0.25130455395853674
1.45,0.009636449824929505,-0.09688848691184662
1.451,0.30584262133276097,0.08037192429347953
1.452,0.07508569867902268,0.16799677549052047
1.453,-0.5381176229751714,-0.9406291060023819
1.454,-1.1260804785744263,-1.8181678082081647
1.455,-1.332227868873044,-1.1127501173664023
1.456,-1.2546521481964232,-1.0622507047047545
1.457,-1.1341442304644185,-0.883988863938497
1.458,-0.9277286364956903,-0.9192776745386912
1.459,-0.35929138694884366,0.23422042301505497
1.46,0.5635915645185766,0.5373931084012921
1.461,1.0368994328645713,0.870710010627398
1.462,0.8875424721737472,-0.01440714232845075
1.463,0.4584887702601862,0.4443390099642137
1.464,0.26650673753371346,0.516070073051617
1.465,0.49169449037820107,0.4937528499400505
1.466,0.9513196511767207,1.288586171510749
1.467,1.1191884579255622,1.8076528078021796
1.468,0.8612157652929658,0.809210702779806
1.469,0.5791972777985862,0.9485733456765787
1.47,0.3382172031143211,-0.13753856943968618
1.471,-0.14752606988420275,0.16186966142278503
1.472,-0.8118560306504448,-0.7928088865344141
1.473,-1.4704455513064072,-1.5368627008105262
1.474,-1.5325206418250448,-1.5815403178269918
1.475,-1.0162365132540652,-1.0631275537556582
1.476,-0.3974623269349259,-0.49010319973850086
1.477,-0.15437172443835276,-0.09476983339345331
1.478,-0.32114767818672973,-0.37343531840665034
1.479,-0.4767992843665083,-0.8235370280554691
1.48,-0.2689562782306073,-0.14384011153297005
1.481,0.01874090907237614,-0.16361947544446429
1.482,0.2523808430045276,0.5667768274421666
1.483,0.5585779128677305,0.5484298228960163
1.484,0.988563293830886,1.026670479827243
1.485,1.478021121477612,0.8632515475042121
1.486,1.7086359606232084,1.3316319221727717
1.487,1.1854105236897425,1.4672948417419773
1.488,0.3908052049155649,0.17066018710771144
1.489,-0.39120108663164854,-0.5509323843313334
1.49,-0.5254706979523717,-0.6088526881328554
1.491,-0.34913654188902,0.05998623595918268
1.492,-0.34476888595573424,-0.23252748661525915
1.493,-0.5099977755252233,-0.11691839451022468
1.494,-0.8055804482026374,-0.8859047874619949
1.495,-0.640179822949147,-0.5762269438192296
1.496,-0.7879238335605355,-1.1488968701733282
1.497,-1.0596669805791585,-0.706257610036147
1.498,-1.28771208788098,-1.2551176267725237
1.499,-0.8947659539855122,-0.8815272243466294
1.5,0.0006619883832042078,0.10215665015090206
1.5010000000000001,0.882957430033057,1.3169950522091538
1.502,1.2506978923768433,1.1863493604302662
1.5030000000000001,1.0178457005921657,1.5167573879186376
1.504,0.731168215983009,0.47571144066187154
1.5050000000000001,0.7335237803786632,0.8601791627693907
1.506,0.7026103926953886,1.3053759610478513
1.5070000000000001,0.5436583974568219,0.39671397807924147
1.508,0.36944535835896486,0.4430221143919908
1.5090000000000001,0.2610014827889561,0.5242530016398863
1.51,0.4327662352850201,0.3913963256154081
1.5110000000000001,0.44402164347324485,-0.006084339376054015
1.512,-0.33092083075570633,-0.6477086384763933
1.5130000000000001,-1.2054961911069717,-1.0312164144508214
1.514,-1.6003410800426676,-1.3328864840458943
1.5150000000000001,-1.463618248546461,-1.2282516482501622
1.516,-0.9489076174192943,-0.6049780132589408
1.5170000000000001,-0.5423087081243986,-0.520713149643592
1.518,-0.3110042252632075,-0.24853427404990547
1.5190000000000001,-0.06024310381895344,-0.5159037015662123
1.52,0.3616647612760412,0.4568634473867423
1.5210000000000001,0.46420710022915135,0.6480113358464807
1.522,0.3414062671638339,0.16644287871903796
1.5230000000000001,0.25277975734894276,0.4459802670174161
1.524,0.3723943193585212,-0.17237233399682594
1.5250000000000001,1.1116008194762799,1.336930698814641
1.526,1.525845213282282,1.6159305103685222
1.5270000000000001,1.5233474207851583,2.1565299808615643
1.528,0.7433283586917521,1.1672540197513321
1.5290000000000001,0.14160170512401435,0.5936958126915732
1.53,-0.3731163043037824,-0.12789717539333273
1.5310000000000001,-0.5201737753352946,-0.32618909116071726
1.532,-0.9236462927809047,-1.2781356872547833
1.5330000000000001,-1.0661197733114316,-1.1666471634169675
1.534,-0.9620536021526395,-0.4140350609543799
1.5350000000000001,-0.5823819011115625,-1.0192312357284894
1.536,-0.34184686013320903,-0.476931410577148
1.537,-0.5035604281383481,-0.9293306523827491
1.538,-0.8317623694130938,-0.39647682520345556
1.539,-1.0138689024261656,-1.1836033009898488
1.54,-0.4296671810418189,0.033693128737568745
1.541,0.303052143014673,0.17892339489888343
1.542,0.9029128476325429,0.7516732235834215
1.543,0.9928890751375288,1.3764478318329283
1.544,1.1842765972432436,1.4659261151613765
1.545,1.3413629023359708,0.5264788095706985
1.546,1.117991281145166,1.253333518102326
1.547,0.5663839219247241,0.7464339854004117
1.548,-0.07969752058907421,-0.016755441318800912
1.549,-0.21355171849493093,-0.4108491196423634
1.55,0.01487571769767478,0.02339825108955154
1.551,0.27322180147189484,0.15380335718219557
1.552,0.09032715226172824,0.15372406054472088
1.553,-0.5412954396042242,-0.602013718462544
1.554,-1.1155246762649171,-1.3021031237366008
1.555,-1.2165410512966033,-1.1674099174052188
1.556,-1.2074503892676418,-0.9667187162123237
1.557,-1.070330591654499,-0.983628823935889
1.558,-0.8912241366156951,-1.0573168535950646
1.559,-0.29839852504765985,-0.19752231893653674
1.56,0.554916334334894,0.8758540518925837
1.561,0.9670317695923364,1.4456530201651934
1.562,0.8621142004260723,1.2243799756739033
1.563,0.527846387100584,0.6890604451082937
1.564,0.2534405533767037,-0.049296655987462246
1.565,0.5292719521008517,0.11960613402459014
1.566,0.9456881431334235,0.8849737790177018
1.567,1.0842643372269494,0.6615089027601004
1.568,0.9055294361464367,0.6700940174282483
1.569,0.5204402811355799,0.4694035897102301
1.57,0.24330392194098657,0.0980407954193156
1.571,-0.12967107523135865,-0.2280464921244839
1.572,-0.9064175450798186,-1.3048189332692515
1.573,-1.5236293484642653,-1.4541893205263021
1.574,-1.4377600409167537,-1.1388076255966815
1.575,-0.9621265834970273,-1.1265678238337782
1.576,-0.3715216578504605,-0.15379505459309645
1.577,-0.10115697028977169,0.6976610438256517
1.578,-0.4015049054819601,-0.42904821452229597
1.579,-0.4998946628358305,-0.3045316604509719
1.58,-0.26271994567496026,-0.2036889186487536
1.581,0.10017108215596743,0.3910582009231814
1.582,0.3382134449559579,-0.1773815180276706
1.583,0.4106637973349352,0.09357676695137068
1.584,0.905765118389009,0.9488042968104231
1.585,1.4993816627654084,1.765470432612948
1.586,1.623436596949639,1.662593804709121
1.587,1.267037164828498,0.7676651895382048
1.588,0.303104577925369,0.056020594987850475
1.589,-0.3532565669008926,-0.5916684021800577
1.59,-0.5313757358349093,-0.41467815233399496
1.591,-0.3138945393321711,-0.5425062272842992
1.592,-0.3044337974260784,-0.5086759288663097
1.593,-0.477410163190737,-0.15198589019942554
1.594,-0.6536204651496114,-0.2530255821100344
1.595,-0.6544579141277298,-0.7784403557285414
1.596,-0.8221546047940121,-0.6946838030890503
1.597,-0.9767197177747807,-1.5411648573341832
1.598,-1.3027664671950945,-1.243268349388492
1.599,-0.9158504044964698,-0.5588569895577216
1.6,0.021538556747333057,0.17957306832453784
1.601,0.8815600968264098,0.9118783501336514
1.602,1.1834430866837087,1.0668501946419178
1.603,1.006249811409582,0.8122122067321613
1.604,0.6985462878611527,0.6448215663030118
1.605,0.7327061058041774,0.2672737643332842
1.606,0.7607054622567092,1.2438431557461824
1.607,0.5287796695269481,0.6980428616453933
1.608,0.2964765548861888,0.2657454446222037
1.609,0.23851355592868484,0.05257212348048318
1.61,0.5211883543601674,0.5000864683128445
1.611,0.4917258775938576,0.7310643602727105
1.612,-0.3466494530954359,-0.04321508572975191
1.613,-1.1931972306980654,-1.464304509717788
1.614,-1.6752138237291663,-1.967272451781263
1.615,-1.5037441536316865,-0.8802751647892039
1.616,-0.9428019267650941,-0.6018240694503882
1.617,-0.4570132603554821,-0.24445727810708043
1.618,-0.2621377382715891,-0.3037316113868
1.619,-0.02925762894562952,0.24794847253320526
1.62,0.2576961909433227,-0.12427376180601224
1.621,0.4281330949825838,0.887663621443096
1.622,0.30963617866241777,0.29890451124126977
1.623,0.24046065715662915,0.47771910780425475
1.624,0.3679316691841267,0.5617970016526795
1.625,0.9776581873168234,0.938186913938245
1.6260000000000001,1.5219064118208012,1.4692965052915608
1.627,1.496207582644144,1.862682525026939
1.6280000000000001,0.7604530768797468,1.0684022982545234
1.629,0.2046631888795133,-0.3270061471146134
1.6300000000000001,-0.286068813298908,-0.7937905344158452
1.631,-0.5732136895803112,-0.8570798756871587
1.6320000000000001,-0.8408605962830735,-1.1089242157729842
1.633,-1.069388397374046,-1.404946159150215
1.6340000000000001,-0.9651536311415005,-0.8835204381628141
1.635,-0.5371072754545323,-0.6762186095947242
1.6360000000000001,-0.30432198833165436,0.05751539819699669
1.637,-0.4451888674164699,-0.009325537761352809
1.6380000000000001,-0.9453935321785096,-0.9539985034277876
1.639,-1.0470075708032736,-0.5419701862014057
1.6400000000000001,-0.46723508201481423,-0.45997078897259724
1.641,0.3723613505351254,0.24192415651015506
1.6420000000000001,0.8566592777590141,0.8760949995471883
1.643,1.0538295812052214,1.3372875818031413
1.6440000000000001,1.2246308136275046,0.7402925218175354
1.645,1.3907282492663637,1.328148452599027
1.6460000000000001,1.0535587521152532,1.1427804502103145
1.647,0.589816825449543,0.6987422250211055
1.6480000000000001,-0.047920093733294346,-0.15845099673016766
1.649,-0.21294399748530007,-0.0663082746922587
1.6500000000000001,0.04954545868426775,0.13718194406952655
1.651,0.26168523207266964,0.08411279803095148
1.6520000000000001,-0.02605143777649105,0.6284281509051413
1.653,-0.5303784976653063,-0.39851343585591403
1.6540000000000001,-1.1679136630963525,-1.2672686681485015
1.655,-1.341229646694078,-1.51274535673761
1.6560000000000001,-1.1470184835511095,-0.8381958080818348
1.657,-1.12977716293479,-1.0991592256155698
1.6580000000000001,-0.7889342719430535,-0.024500462598496475
1.659,-0.28911205032763526,-0.4198892872132618
1.6600000000000001,0.4914841781519466,0.11870209661625974
1.661,1.0145578887070668,1.006248351056986
1.6620000000000001,0.8368726604208147,0.8893928980720476
1.663,0.389188974142172,-0.24634621624991682
1.6640000000000001,0.2716565136778674,0.17890595936342335
1.665,0.5528721098136851,0.4423474773974063
1.666,0.952074359925787,0.8414452990641219
1.667,1.0392315251793935,0.8501638008902122
1.668,0.8639490071645406,0.46099124423800864
1.669,0.5582947830082107,0.785706198434738
1.67,0.24603472123250314,0.07088246803560047
1.671,-0.08322087437762415,-0.3903313100978805
1.672,-0.9126093636846664,-1.1405896440300387
1.673,-1.425539551321803,-1.5672365232458894
1.674,-1.5118780280727846,-1.4792838906588766
1.675,-0.9495144072593511,-0.7490127113512046
1.676,-0.42128442787453085,-0.7072382772790522
1.677,-0.1579869597542979,-0.3017761790206278
1.678,-0.24091669651171205,-0.6445690149177044
1.679,-0.45101079221652923,-1.4687007902432418
1.68,-0.2888635657097068,-0.2421253864902301
1.681,0.08259556179009656,0.5385966170403196
1.682,0.31687644473356674,0.4735014207394139
1.683,0.647270638381322,0.49515265153842547
1.684,1.0033510340615521,1.0322947768431228
1.685,1.4712475104360982,1.1188014801375799
1.686,1.653850743171212,1.6171630357614377
1.687,1.1204856839863098,0.9921729080690369
1.688,0.31726916919753456,0.06145489957731953
1.689,-0.45146589950137356,-0.3297702305599775
1.69,-0.5557651846406624,0.22419496467305466
1.691,-0.2391939648682433,0.26044088706217106
1.692,-0.20883800600842967,-0.23045991240505842
1.693,-0.5103840993126827,-0.24514970289792415
1.694,-0.6920401229428033,-0.4332278927219156
1.695,-0.6732439893384128,-0.8675053970441584
1.696,-0.8083116803225181,-0.6151404582723334
1.697,-1.038765125432093,-1.4710627549839386
1.698,-1.2317994942869213,-1.473389011842396
1.699,-0.8577264638758147,-0.7861006027539754
1.7,-0.07789992640923644,-0.20233622511637417
1.701,0.8637029379247242,1.3906465308337905
1.702,1.275994709729762,1.4704068400963655
1.703,1.0135476113082311,0.8989361749584395
1.704,0.726290935232397,0.5851170212983523
1.705,0.808210981345149,0.8643021638091342
1.706,0.6995829200135748,0.38292353342092006
1.707,0.5048534376998394,0.6835370236882039
1.708,0.23187547376311168,-0.18071511122053097
1.709,0.34859701966601314,0.535500078454235
1.71,0.5104850658334884,0.4611066462393646
1.711,0.36622268090330423,0.4906067363306837
1.712,-0.3118881724222566,-0.6156639500236457
1.713,-1.141253054972527,-1.0677574928460918
1.714,-1.6830269749759852,-0.9593226525221891
1.715,-1.5226329375912169,-1.6597979633294162
1.716,-0.9593298618453637,-0.8641099037466564
1.717,-0.590295257652403,-0.13862517272521052
1.718,-0.3002351548519805,-0.07172391139394022
1.719,-0.02523787261408674,0.10432777262930243
1.72,0.2519110037875959,-0.052195777968761514
1.721,0.41570225189978155,0.03242574021078648
1.722,0.4275389239255332,0.4435686561302709
1.723,0.11604380528982423,-0.022926951304136287
1.724,0.338021699001897,0.33230423486930966
1.725,1.010650858371439,1.0723478605772943
1.726,1.5610626669593215,1.358134315306456
1.727,1.4421608269777293,1.5903917347819052
1.728,0.8491352769923917,1.4067021335697225
1.729,0.1138701741884346,-0.18893212202569853
1.73,-0.3424511593874298,-0.4833150669437031
1.731,-0.4910806476261743,-0.5059638452301737
1.732,-0.7385808212539329,-0.39644291907175544
1.733,-0.9955097743798579,-1.3514243745843684
1.734,-0.9408534763604726,-1.260397907675697
1.735,-0.4327999737616318,-1.0818982776065404
1.736,-0.24309368520214722,-0.37520234916630196
1.737,-0.5018727184795833,-0.2978289886730335
1.738,-0.8954748629887325,-0.5759074502952903
1.739,-1.0039142750022043,-0.8967681766098848
1.74,-0.5246841673347695,-0.7049712611495067
1.741,0.2609881878263402,0.47292967193705227
1.742,0.8991790958850158,0.9604746730698505
1.743,0.9919080449695625,0.4156963652905835
1.744,1.2346428496078679,0.8662143998232061
1.745,1.212413446008833,1.665973037567722
1.746,1.0200952063417346,1.116756731234316
1.747,0.4787643558721238,0.06632603931954995
1.748,0.040163773602023375,0.2861497060205587
1.749,-0.28083238591044823,0.037598102018343404
1.75,0.004329159008167077,-0.12618104982974054
1.7510000000000001,0.34198343995869096,0.5392880688747267
1.752,0.10488341241972884,-1.0171467789658049
1.7530000000000001,-0.6402819495304009,-0.3482089109739536
1.754,-1.082703711445825,-0.7301570938698623
1.7550000000000001,-1.284683562911023,-1.6220943773401428
1.756,-1.221519917465502,-1.1368942976109107
1.7570000000000001,-1.083020098345978,-1.1844562612602096
1.758,-0.7950859079166799,-0.8258447521479281
1.7590000000000001,-0.35020261049985535,-0.4776667438603758
1.76,0.49557254210284546,0.09588390204639924
1.7610000000000001,0.998711787855156,1.5658328987796528
1.762,0.8289356109382436,0.7358423560644787
1.7630000000000001,0.4378957463729735,0.4693222596516426
1.764,0.27053953865005803,-0.03228063542537146
1.7650000000000001,0.5893388463071585,0.2782786979698545
1.766,0.9980103591853993,1.121789883708049
1.7670000000000001,1.1101688762505175,1.2680865002958515
1.768,0.8222391189134061,1.0856163697108294
1.7690000000000001,0.6524571902059108,0.9835893909540172
1.77,0.30465464952826693,0.2415923873780384
1.7710000000000001,-0.18423775816726073,-0.3174986773651453
1.772,-0.8352408096500816,-0.6111966597954016
1.7730000000000001,-1.4101642503945382,-1.6013960114236687
1.774,-1.5307133234174501,-1.2691857746481015
1.7750000000000001,-0.9556567656708085,-0.8433066794981218
1.776,-0.3158341363839179,0.03067379399113135
1.7770000000000001,-0.14303078285776832,0.05808672379658092
1.778,-0.39236007513002763,-0.7086938222973758
1.7790000000000001,-0.4773417735069926,-0.7370318659828006
1.78,-0.2916343333491889,-0.0718887442469725
1.7810000000000001,0.14860481477697846,0.7207215675023104
1.782,0.2312515057232109,-0.16559200451169453
1.7830000000000001,0.5309846151646808,0.5379480964622626
1.784,0.9249645469324367,1.009466914176584
1.7850000000000001,1.492283539157424,1.0345502855977602
1.786,1.5193559536420247,1.6627934525509287
1.7870000000000001,1.1957718117648808,1.1678349741506495
1.788,0.257464087243801,-0.37150315712089343
1.7890000000000001,-0.4733957191132708,0.0131226743616078
1.79,-0.49358391488457604,-0.7525463806058978
1.7910000000000001,-0.28168158526940723,-0.6664326095579198
1.792,-0.3960663894098851,-0.2700239027463769
1.793,-0.5336382338749233,-0.3663921951034542
1.794,-0.7505507023946636,-0.5296272812857821
1.795,-0.7339066254476951,-0.8497076341104887
1.796,-0.774622084869742,-0.777896386237015
1.797,-1.038154790010616,-1.2573968189627758
1.798,-1.2572820544888694,-1.6503412461785318
1.799,-0.8754148569366565,-0.5516756622203858
1.8,0.04089888036266975,0.010070074857331666
1.801,0.8751089626578252,0.8204146860309383
1.802,1.3053233174521908,0.7055430398535912
1.803,1.1204380112287893,1.0669266799446884
1.804,0.7545239007243516,0.5017755515969169
1.805,0.674215346030119,0.6218312500851741
1.806,0.614468370746299,0.5486951251892371
1.807,0.5274708781150137,0.39353144071512486
1.808,0.2983221066310999,0.5799736995044418
1.809,0.3510822633586239,0.4851985090558709
1.81,0.40004517784413385,0.7381915321855976
1.811,0.3672910913447698,-0.030157119643147545
1.812,-0.20833944322152356,-0.4030262214558681
1.813,-1.1765434385681408,-1.1886276840648269
1.814,-1.6793522484383263,-1.8013439394093564
1.815,-1.5478752748853504,-1.5716525925343716
1.816,-0.8231405319713766,-1.1777715517638736
1.817,-0.5750993966227953,-0.7899528138014675
1.818,-0.37758494422552813,-0.8700511306811319
1.819,-0.09583001828597222,-0.3628376838179439
1.82,0.25517787212184767,0.4634308882394518
1.821,0.47064501774401885,0.40638295231423377
1.822,0.39074355558212853,0.842469527209381
1.823,0.1481411586379085,-0.0305190036537952
1.824,0.3248776685071646,0.3605989927688634
1.825,0.9274330750903835,0.5634573760446581
1.826,1.5321870662442716,2.3123886273694927
1.827,1.457103625363692,1.4035174457535549
1.828,0.9026421781587705,1.1515311302485949
1.829,0.13854186885694264,0.26255737511708854
1.83,-0.29884304171040144,-0.47400668616218433
1.831,-0.6149291824948281,-1.014199566955535
1.832,-0.8783005307253658,-0.8314575933637236
1.833,-1.10223197393232,-1.26926889724132
1.834,-0.966452016543844,-1.0131033069913635
1.835,-0.5724345114844792,-0.37704389384526454
1.836,-0.2339623808245274,-0.21049003407241354
1.837,-0.485130675834877,-0.3719957866242983
1.838,-0.9288115157081718,-0.8837975428914402
1.839,-1.0848969554842243,-1.5250717552793767
1.84,-0.45084605377123405,-0.03202739506083252
1.841,0.33025505269685396,0.6830107416272797
1.842,0.817120038805864,0.4762705825288488
1.843,1.1337407132467463,1.2853308966748975
1.844,1.1361981010815971,0.9375908200330398
1.845,1.2927991307068194,1.068724229587838
1.846,1.1125936615923637,1.1111411631918495
1.847,0.5048479466199921,1.0291484157693016
1.848,-0.04868929439090826,0.26869797405365725
1.849,-0.1858921800511238,-0.004325772551566437
1.85,0.00338171150334012,-0.34179997922287514
1.851,0.24786959995767568,1.0142044255830889
1.852,0.08052563283901595,0.3426449465372188
1.853,-0.565420686286758,-1.2700719122612916
1.854,-1.1247659220054722,-1.0049236214429247
1.855,-1.3151697367847541,-1.461778151560179
1.856,-1.1333372346210995,-1.0103425278364093
1.857,-1.061416475878812,-0.941224365835954
1.858,-0.8855100418948707,-1.161065764835902
1.859,-0.3113044782369615,0.2364612474553467
1.86,0.4384849229374427,0.4984203093632699
1.861,0.9687800921777409,1.2511844641308636
1.862,0.8867575554984234,1.2921846249228843
1.863,0.42129282527341594,0.19984554588782003
1.864,0.2997427091767813,0.026212163734824212
1.865,0.509919668688715,0.8464918733430449
1.866,0.9756501872343876,1.3935014170614446
1.867,1.0468019561441169,0.6336963849067758
1.868,0.8599847772506549,1.4633577330979535
1.869,0.5268444608259277,0.45619346652577186
1.87,0.3298760346731656,0.5374113932268809
1.871,-0.14634044741846064,0.022976015312957315
1.872,-0.8626392399048028,-1.154041935854801
1.873,-1.5370618331026857,-1.7962762747868537
1.874,-1.5173108708662482,-2.142388572654726
1.875,-1.0354192526169752,-1.3807642933049435
1.8760000000000001,-0.37180779511308293,-0.8165505833358702
1.877,-0.18764382248838943,-0.1755866677573013
1.8780000000000001,-0.3017654649327346,0.10905518088388994
1.879,-0.4569072690485683,-0.4650507482485107
1.8800000000000001,-0.2715320217734565,-0.1698757731186355
1.881,0.024831441918233443,0.25823250492861205
1.8820000000000001,0.3358821047920533,0.5397949370981432
1.883,0.6234673181530992,0.5077178681196488
1.8840000000000001,0.9125599225647395,0.4735564043146894
1.885,1.4841452151089707,1.3552035620967755
1.8860000000000001,1.558773322881094,1.5776611294602656
1.887,1.20995368839665,0.9484601245654071
1.8880000000000001,0.23688105794748732,0.34546927115780185
1.889,-0.3420317168897183,-0.42984534567236105
1.8900000000000001,-0.5616896706834038,-0.37514321243013604
1.891,-0.2222527329957827,-0.4632245758512302
1.8920000000000001,-0.33433757203836195,-0.6109278698311771
1.893,-0.5065164785235353,0.025700422787645727
1.8940000000000001,-0.6901361096879545,-0.6815092383738486
1.895,-0.7188809131630028,-0.552991758344342
1.8960000000000001,-0.6916693888704892,-1.021196064738135
1.897,-1.129729613007995,-1.2429089496526329
1.8980000000000001,-1.2188092465801266,-1.0141584017378422
1.899,-0.8435223928015925,-0.37383763490776706
1.9000000000000001,-0.0014928060818927718,-0.2188383285217562
1.901,0.8831461371946536,0.6422709137629636
1.9020000000000001,1.226610543976052,1.2198098618727478
1.903,0.9859454816692566,0.528626936744598
1.9040000000000001,0.7778653732082963,0.7688253812650081
1.905,0.7317432500274584,0.7123247346428401
1.9060000000000001,0.7011069813786436,0.9185317264774217
1.907,0.5201855396397125,0.9445684624464037
1.9080000000000001,0.29200774451822653,0.46296103985825376
1.909,0.29816486888803806,0.5206301841759449
1.9100000000000001,0.538415469022381,0.5540991543626714
1.911,0.2768289119608526,0.1689055390180047
1.9120000000000001,-0.254773090049687,-0.8535661507967163
1.913,-1.1564133296552161,-1.4222795754076012
1.9140000000000001,-1.568443774010097,-1.503263768602098
1.915,-1.472753646875369,-1.9664317640123667
1.9160000000000001,-0.8799229443372011,-0.80705599750222
1.917,-0.6439202386217108,-0.7641706517020961
1.9180000000000001,-0.2895883573729167,-0.5960563131474238
1.919,-0.04163460508250191,-0.1826419000790028
1.92,0.3634193245000012,0.582053780878481
1.921,0.40204707622545227,0.6676974091112955
1.922,0.3417231535718465,-0.2393832686629253
1.923,0.16636033017700452,0.1215151265324034
1.924,0.3462290595296675,0.6203944570147195
1.925,1.060828885687072,0.9834604278042648
1.926,1.5141600890609141,1.546804670335178
1.927,1.556714798863251,1.1080915362851702
1.928,0.8788044560542759,0.7347943590087873
1.929,0.18146116693354114,0.7300937957500087
1.93,-0.26592767707664067,-0.5023480874312454
1.931,-0.6155812702168048,-1.04777097317561
1.932,-0.8845577188458791,-0.8397161912783573
1.933,-1.0516706826877522,-0.8150818827680306
1.934,-0.914065956638787,-0.5559228094512102
1.935,-0.45911254959835085,-0.614429342235932
1.936,-0.28425091146962117,-0.2175082384810053
1.937,-0.5210160742056285,-0.3577096107200105
1.938,-0.8758386320685255,-0.681075473718262
1.939,-1.0396759784837661,-1.2038368016866294
1.94,-0.43186266634417714,0.081954812924531
1.941,0.36589109521868024,0.15970198845346092
1.942,0.8818841607393123,1.0942458083472528
1.943,1.0663556924543467,1.059782321610689
1.944,1.2064901238929406,1.0303245546855844
1.945,1.323565922126454,1.1307105324376836
1.946,1.1266633045224907,0.9507592312464206
1.947,0.6806215029937358,0.5465601834777467
1.948,-0.10770797152609202,-0.41337365133286474
1.949,-0.32115411703179114,-0.11193120606826013
1.95,-0.0488447693369015,-0.2598993640229681
1.951,0.24154169153585225,0.05703543692570395
1.952,-0.05077215101502394,0.09583502634744606
1.953,-0.6021892074071954,-0.6345777903472899
1.954,-1.1588182636831261,-1.5853893542667996
1.955,-1.2899669248874543,-1.5707697744507343
1.956,-1.183545983425391,-1.242513156751689
1.957,-1.1462454608732497,-1.3187418120834902
1.958,-0.8140737968099077,-0.5889290356339958
1.959,-0.21579217490829294,-0.4451127836055367
1.96,0.46511400299290345,0.17497588167994
1.961,1.0779132115556083,0.7747493489220207
1.962,0.9287433164283131,1.0507404905156048
1.963,0.5774450008893102,0.7224865187150301
1.964,0.31674303427280337,-0.18499034199846076
1.965,0.4462765101104141,0.6328990690658448
1.966,0.948875176851103,1.207167157999887
1.967,1.1330244997755037,0.625725171232789
1.968,0.8645302310224078,0.6574008022141197
1.969,0.5605523141232291,0.989220041430622
1.97,0.3573808636620269,0.6592113754696016
1.971,-0.1694121911906149,-0.1619743934153023
1.972,-0.8252197799433222,-0.6748449610564926
1.973,-1.4387953834317497,-0.8051894963457275
1.974,-1.5477837463510593,-1.3969446543152728
1.975,-1.0010064551938431,-1.3672491136195108
1.976,-0.33226767109590283,0.07721402878434513
1.977,-0.14141543601270856,-0.40269710320009405
1.978,-0.38991082057663956,-0.09174014982228917
1.979,-0.5393207059564088,-0.34243950766934217
1.98,-0.3333477351589141,-0.06649366925718564
1.981,0.05569992087384212,0.5179798134965894
1.982,0.30457061322668333,-0.13520368532570232
1.983,0.49612786305853435,0.4752512965768952
1.984,0.9242617016463379,1.5080765524101016
1.985,1.3995262938880229,1.692440817244007
1.986,1.6621268567628722,1.715274357965266
1.987,1.138024647522798,0.831072708514113
1.988,0.19378729570677086,0.22580344359235816
1.989,-0.3797296357224736,-0.6532940252856771
1.99,-0.40839715762207474,-0.8489072445614025
1.991,-0.34912649500035847,-0.17618288408279273
1.992,-0.25073711235098434,-0.2311454307494799
1.993,-0.5499722183213833,-0.7820260591495967
1.994,-0.6877856116120878,-0.5693011549234135
1.995,-0.7012198337325787,-0.8523868000690233
1.996,-0.705882833203173,-0.17201510794095876
1.997,-1.039405610350401,-1.0485773436613886
1.998,-1.2908400005399274,-0.8177135367988986
1.999,-0.9546031949351554,-1.1984438251868226
