timestamp,signal_a,signal_b,signal_c,temperature,category
2024-01-01 00:00:00,0.09934283060224654,0.09261775475316414,5.419806630975801,19.590900558288848,gamma
2024-01-01 00:01:00,0.10318953201161557,1.190941664047013,5.262382612405771,20.06126887628681,gamma
2024-01-01 00:02:00,0.39072389749752284,0.8601432426180858,4.987919171005968,20.04080991733823,beta
2024-01-01 00:03:00,0.695140745179005,1.0562969236690571,4.761031488979857,19.962214366360218,alpha
2024-01-01 00:04:00,0.4715647937701578,0.9349357430878172,5.149706753604271,20.5999183393535,alpha
2024-01-01 00:05:00,0.5974541029186259,0.9512874616235304,5.043457252950437,20.792233534799685,beta
2024-01-01 00:06:00,1.0835564581317862,0.9407606075761131,5.179185987722384,20.421590813275003,alpha
2024-01-01 00:07:00,1.0417103832363788,0.9136009230320183,5.0864403196087915,21.178899017341557,alpha
2024-01-01 00:08:00,0.91145759222419,1.0048521627944826,5.196059590904629,19.931966245333285,gamma
2024-01-01 00:09:00,1.2271687425780884,0.9169049883588962,4.705972317074038,20.468578180142078,gamma
2024-01-01 00:10:00,1.1350235901571142,1.027045682577984,5.2471541791074605,20.26950421419166,beta
2024-01-01 00:11:00,1.2389454566498608,0.9949761890550863,4.89665276235159,19.757054977742744,beta
2024-01-01 00:12:00,1.479808266369851,0.976105195313359,5.4454317753162575,20.711281407748718,alpha
2024-01-01 00:13:00,1.1426505852297735,0.9092436337958402,4.60162138054604,20.753927136355635,gamma
2024-01-01 00:14:00,1.2684281284120775,0.9423228669431667,5.314734528421259,21.63357571933214,beta
2024-01-01 00:15:00,1.5829442350415015,1.0755391225825757,4.838929602651525,21.25416762672029,beta
2024-01-01 00:16:00,1.568405524553196,1.0500917187624381,4.569785135290872,20.48843047290062,beta
2024-01-01 00:17:00,1.90269159973563,0.9022444755201449,4.605742013912236,21.989173640664845,beta
2024-01-01 00:18:00,1.7201550410819146,1.0099332305429225,4.640543729172916,21.734079282572587,beta
2024-01-01 00:19:00,1.674038687797517,1.075138712337179,4.84968066395024,21.47586822850367,beta
2024-01-01 00:20:00,2.2969935556737067,0.8330594718878628,4.865107157267719,21.132646421961347,alpha
2024-01-01 00:21:00,1.998529893875972,1.0543360192379936,4.522014684850619,20.827040418091297,gamma
2024-01-01 00:22:00,2.089331189821377,0.9337376241054154,4.672728900179946,21.181321033043936,gamma
2024-01-01 00:23:00,1.8152278487521503,1.0570598668593159,5.308669266605257,21.97224631707487,beta
2024-01-01 00:24:00,2.007787780539063,0.9236740843457483,5.170246153621396,22.43038636417986,gamma
2024-01-01 00:25:00,2.147425109750589,0.8195117899335481,4.768917382918506,22.319700249406246,gamma
2024-01-01 00:26:00,1.8956934388108788,0.8372457562116837,4.635500314576943,21.363393608129343,gamma
2024-01-01 00:27:00,2.193775886401707,1.0048084946661382,4.646229442145363,21.1074945243653,beta
2024-01-01 00:28:00,1.983393841156733,1.0259722501721482,4.780437867431334,21.796966943643014,beta
2024-01-01 00:29:00,2.022289035193239,0.9095683374895591,4.275748670976073,20.901250984639436,gamma
2024-01-01 00:30:00,1.9297241436003196,1.0638592458777374,4.491618853010476,22.00571829406696,gamma
2024-01-01 00:31:00,2.3824312095505356,0.833847993773104,4.054543250266202,21.828704534844206,beta
2024-01-01 00:32:00,1.963829437883666,0.9933920201352684,4.661213227977843,21.727557335043862,alpha
2024-01-01 00:33:00,1.702383139035231,0.8788983800237543,4.721973928905235,21.220982970617147,gamma
2024-01-01 00:34:00,2.018902167458601,0.934816389219784,4.369268977961543,22.332573478700855,alpha
2024-01-01 00:35:00,1.5440194734909305,1.0047398671316414,4.97287150635121,21.866532822982133,gamma
2024-01-01 00:36:00,1.7573652794666064,0.9139586634716048,4.119437007797953,21.60469648410324,alpha
2024-01-01 00:37:00,1.2449797336766146,0.9615444455770175,4.034386018524968,20.809948295340956,alpha
2024-01-01 00:38:00,1.286846193875492,1.100629280921444,4.527606228899543,22.28839034452825,alpha
2024-01-01 00:39:00,1.5020281392458488,,4.7610126783780755,23.243976996137608,beta
2024-01-01 00:40:00,1.5155003212413416,1.0835692112065143,4.938714181842958,23.243810380000284,alpha
2024-01-01 00:41:00,1.3026060774975574,0.8870293145342382,4.282563344296511,22.239579621296606,alpha
2024-01-01 00:42:00,1.1415164904708575,1.0529804177915283,4.730565563632755,22.221577386636408,alpha
2024-01-01 00:43:00,0.9969581382978219,1.14415686206579,4.382181285008968,22.811226252911165,gamma
2024-01-01 00:44:00,0.6506718914021711,0.7528355499872711,4.3287578504172854,22.131393568040863,alpha
2024-01-01 00:45:00,0.6887284340348996,0.9203104744529523,4.632495819304076,22.834812333660167,gamma
2024-01-01 00:46:00,0.6244843719915859,1.057707212718054,4.549985963550164,23.11986109718524,alpha
2024-01-01 00:47:00,0.8100251101858184,0.9796954613957007,3.868302060756384,23.40275823454192,alpha
2024-01-01 00:48:00,0.5478740067230421,1.0371145873371308,4.771151648355872,22.79124302036271,beta
2024-01-01 00:49:00,0.006146304810691117,0.9396014813284179,4.729225895287642,22.791061142058005,gamma
2024-01-01 00:50:00,-3.6972736746575046,1.00865897874729,4.114577616826047,22.505026027418733,alpha
2024-01-01 00:51:00,0.0400981630454761,0.984432276460792,4.408074301139504,22.581229687817665,gamma
2024-01-01 00:52:00,-0.13851631529482797,1.1167782061659808,4.424667869731316,22.93160817260327,gamma
2024-01-01 00:53:00,1.4991548066001226e-06,1.0254420843301213,4.3418251589059125,23.27822537991592,beta
2024-01-01 00:54:00,-0.03379883295488431,1.0337602662075203,4.085734224905765,23.60053932291409,beta
2024-01-01 00:55:00,-0.16938474400449896,0.9588123033877533,4.036579913529534,22.7908634919674,beta
2024-01-01 00:56:00,-0.6366252861243648,0.9512393775927507,4.21768015112557,23.98699706142554,beta
2024-01-01 00:57:00,-0.6407960952836433,0.956744181218038,4.564482707428996,23.15277699634569,beta
2024-01-01 00:58:00,-0.6194472041254283,1.0394452142378297,4.363099743374467,23.324819819510697,beta
2024-01-01 00:59:00,-0.5934687469859121,0.9579015519179737,4.076229044576631,23.008533469096964,beta
2024-01-01 01:00:00,-0.9829946217392858,1.0289774856896412,4.406354442552211,22.216118798802736,beta
2024-01-01 01:01:00,-1.0181672209362904,1.207540079864544,3.307751252702304,23.91581771680013,alpha
2024-01-01 01:02:00,-1.2910798997380757,1.0871124703431692,4.494450569685286,23.88722230356211,gamma
2024-01-01 01:03:00,-1.3923619160651732,0.9673976467832159,3.6154510448814547,23.422584024192034,beta
2024-01-01 01:04:00,-1.068103372492342,1.1201213922163944,4.01621460074311,23.64062567351139,beta
2024-01-01 01:05:00,-1.0307018487949433,0.9591924626978449,3.7766648929201594,23.90841054295278,gamma
2024-01-01 01:06:00,-1.3812440358094698,0.7961875464822146,3.7118175583541357,22.91189986522542,alpha
2024-01-01 01:07:00,-1.2243014499466807,0.8991913689082596,4.436163227124275,23.47079278000145,gamma
2024-01-01 01:08:00,-1.4038703766574128,0.8129208078974144,3.93533495922962,24.174005566834765,gamma
2024-01-01 01:09:00,-1.6492119352528838,0.9648486515958692,4.167363440855056,23.190683818930307,beta
2024-01-01 01:10:00,-1.4845059585362739,1.001841837918955,4.037139776845739,24.00495750196722,gamma
2024-01-01 01:11:00,-1.2782166914410469,1.1676437312275283,4.182168480103679,23.219625943522207,gamma
2024-01-01 01:12:00,-1.614335052870476,1.0326927373764163,4.049979578059048,24.170252151266176,beta
2024-01-01 01:13:00,-1.307789437706096,0.9780899471191136,3.6299485101187847,23.95771253504636,beta
2024-01-01 01:14:00,-2.15034446195931,1.0829405581183489,4.3016756684560224,23.205833182946463,beta
2024-01-01 01:15:00,-1.459778813967604,0.7788864690992114,3.84265426264195,24.632998277949817,beta
2024-01-01 01:16:00,-1.5965893851274242,1.0235614558108566,3.5118283441194555,23.71992011470464,gamma
2024-01-01 01:17:00,-1.6557357712107996,1.0770865193886967,3.8384259944757053,23.71802897880068,gamma
2024-01-01 01:18:00,-1.5516653932542341,0.8521413754220158,4.405181954012293,24.25872538394926,alpha
2024-01-01 01:19:00,-1.9338451642689232,1.1143754043206928,4.198149750932251,24.76738574753761,alpha
2024-01-01 01:20:00,-1.5389238025976781,1.0338496407494415,3.826652429605922,23.719117660457798,gamma
2024-01-01 01:21:00,-1.3747131259347016,0.9584712086099199,3.8146711234728463,24.291159817199016,alpha
2024-01-01 01:22:00,-1.0943649433080833,1.0632781866106285,3.811193700830413,24.507344011795613,gamma
2024-01-01 01:23:00,-1.430270606321382,1.2270692857804395,4.518979702975457,24.671423810557183,alpha
2024-01-01 01:24:00,-1.4180838663412052,1.0181866255058496,3.9988422395888077,24.444341342621875,beta
2024-01-01 01:25:00,-1.2798593416697812,1.0248220586300336,4.001615492723705,24.20316556179637,alpha
2024-01-01 01:26:00,-0.9131892652186635,0.9540639100459756,4.170064422709381,24.002747800698167,beta
2024-01-01 01:27:00,-0.9412301605406713,0.9150155630535208,3.9210274103953364,24.488778060858593,beta
2024-01-01 01:28:00,-1.017926000694704,1.0830335816544245,3.7601240786657915,23.9380949765992,beta
2024-01-01 01:29:00,-0.7089535337291794,0.9143916174091132,3.7674125065454604,23.041238247110098,beta
2024-01-01 01:30:00,-0.6868418933817728,1.0071566237219391,3.793352397350649,24.74722864074062,alpha
2024-01-01 01:31:00,-0.4025936933001305,0.9522342553234884,3.792215889393846,25.007233366241053,gamma
2024-01-01 01:32:00,-0.6226292542091895,1.0478979825746393,4.010255576412382,23.399394719729965,beta
2024-01-01 01:33:00,-0.4299099357584952,1.033366210528695,3.796168896685617,24.100864303754296,alpha
2024-01-01 01:34:00,-0.3216680138272417,1.10375399442579,3.9890297335326017,24.93944528921146,beta
2024-01-01 01:35:00,-0.4119883703038313,0.9489983601145253,3.733709375025619,25.68202035311348,alpha
2024-01-01 01:36:00,0.06625822855286496,0.9730125064706628,3.7702355018802143,24.68633617793019,alpha
2024-01-01 01:37:00,0.1874426592393242,0.9021236284217693,3.135939190267883,24.333863211903022,alpha
2024-01-01 01:38:00,0.26584149134357327,0.9555706739923888,3.999085902379244,24.627596996821723,gamma
2024-01-01 01:39:00,0.3483847110428495,1.0377300493044852,3.816955999266664,25.426915780165565,alpha
2024-01-01 01:40:00,0.24311029759484665,-0.9243011383354648,4.001267897164718,24.436176413157213,alpha
2024-01-01 01:41:00,0.5728379075466551,-1.0922165324177626,2.8218771089352432,24.37848889011709,gamma
2024-01-01 01:42:00,0.7186084552945333,-0.913039407989434,4.306188342089511,24.554881980981577,gamma
2024-01-01 01:43:00,0.7557861643100227,-0.8644362141195049,3.6267545004458994,24.336997863898784,alpha
2024-01-01 01:44:00,1.0114889564163467,-0.9586565096776299,3.990074842326328,24.891642569285093,gamma
2024-01-01 01:45:00,1.2499896031803166,-0.8123204187441934,3.3346698782552973,25.65852606206377,beta
2024-01-01 01:46:00,1.6693016356880195,-1.0773789199103574,3.8195284384733217,25.022837551605082,beta
2024-01-01 01:47:00,1.4468496676382985,-1.1244654703311416,3.308759061133959,24.749461511090285,gamma
2024-01-01 01:48:00,1.5798433423091065,-1.1778720248904277,3.4267732589717914,24.743299966098103,gamma
2024-01-01 01:49:00,1.625931384412662,-0.8503955688510817,4.177266226087048,24.120402374870636,alpha
2024-01-01 01:50:00,1.3652159072840466,-0.9345634343645942,3.535037530080599,25.355567658578654,gamma
2024-01-01 01:51:00,1.8470705601373676,-1.0055584670910456,3.646690002560526,24.886330069489507,alpha
2024-01-01 01:52:00,1.9626862939250251,-0.972003137368018,3.831730712596273,24.845463734999253,beta
2024-01-01 01:53:00,2.5360498044935906,-1.1125489047298376,3.7086974779145443,26.54192996773036,gamma
2024-01-01 01:54:00,2.091836829946479,-0.7554248020383174,3.5944332697046306,25.10364106469234,alpha
2024-01-01 01:55:00,2.271348134317406,-0.9870778818024772,3.648142657492178,24.586472037634902,alpha
2024-01-01 01:56:00,2.2783479276182628,-0.9890605205395107,4.249057766602587,24.756504957540546,beta
2024-01-01 01:57:00,2.119053901574483,-0.9274233376101307,3.500158065912886,25.55043488404357,gamma
2024-01-01 01:58:00,2.6418533059116442,-0.9518990768263287,3.56721581705546,25.03858655433099,beta
2024-01-01 01:59:00,2.616954720943888,-0.9776115975720868,3.8115565084877074,24.267761815394195,alpha
2024-01-01 02:00:00,2.670642751595115,-1.0790474455445311,3.8175236497303535,25.45067407849304,alpha
2024-01-01 02:01:00,2.368854099909579,-0.9528531642864004,3.8315121403538046,24.660355066891757,gamma
2024-01-01 02:02:00,2.8618807742753627,-0.8117975503524966,3.656590698279122,25.933651654128607,alpha
2024-01-01 02:03:00,2.32373575462873,-0.8654579953845022,3.1116700507183546,25.53881020478073,gamma
2024-01-01 02:04:00,2.736384747594495,-0.8406813373360602,3.934232093000854,24.776116096792276,beta
2024-01-01 02:05:00,3.0640959052468904,-1.0511215676431185,3.089961246389343,25.640483407884087,gamma
2024-01-01 02:06:00,2.4269652047457133,-1.098960482025858,3.514348763649211,25.033308442950887,gamma
2024-01-01 02:07:00,2.50298039769561,-1.0125786920099649,3.186999564519481,25.424380358456048,alpha
2024-01-01 02:08:00,2.6194923239468784,-0.9944275087711305,3.383795853807064,25.238180355215555,alpha
2024-01-01 02:09:00,2.474429596456988,-0.8905808481529052,3.4914518693729084,24.569663982772795,gamma
2024-01-01 02:10:00,2.232911967773043,-1.1692464629714818,3.47904675735429,24.667304166974407,alpha
2024-01-01 02:11:00,2.5171813907400664,-0.8470449680539386,3.499062831347814,25.499505270594955,alpha
2024-01-01 02:12:00,2.244113075729211,-1.015800789857899,3.8464774723299566,24.81179270227829,alpha
2024-01-01 02:13:00,2.49728387508588,-1.042688106994742,3.4883322513106068,24.7712222184371,gamma
2024-01-01 02:14:00,2.157792513412014,-1.1012104375260168,3.26896313102853,24.488562789812196,alpha
2024-01-01 02:15:00,2.5841577259326325,-1.165485667186577,3.621404633456868,25.170213886922753,gamma
2024-01-01 02:16:00,2.0436825219608132,-0.9176829416038086,3.67901810095067,25.98118095593653,alpha
2024-01-01 02:17:00,2.056064487338099,-0.9926682032811596,2.9439231006084166,24.406871395903437,beta
2024-01-01 02:18:00,2.1976413911064445,-1.1289960899741054,3.4814838864503224,24.942683624010034,alpha
2024-01-01 02:19:00,1.6979025765415696,-1.1295078772063616,3.502703948170841,25.625838497543356,alpha
2024-01-01 02:20:00,1.8937611366663663,-1.033578469929013,3.193201084524512,24.868281849422765,gamma
2024-01-01 02:21:00,2.009347099921644,-0.8330978474710606,3.6853298503588685,25.12188461262259,gamma
2024-01-01 02:22:00,1.3219444688031983,-1.0259591351363604,3.2177783728396507,24.351321930685433,alpha
2024-01-01 02:23:00,1.5721974513755317,-1.1503142953118106,3.2906747105664858,25.082718124060847,beta
2024-01-01 02:24:00,1.475832262797303,-1.0245743064085944,3.191316347313908,24.76026643644756,alpha
2024-01-01 02:25:00,1.4660220819998866,-1.027272356974767,3.238177035218445,25.331208007813856,alpha
2024-01-01 02:26:00,0.9457582958313238,-1.2696886642941572,2.8949154395285412,25.415773381057093,beta
2024-01-01 02:27:00,0.8107186762045633,-1.0054294866517812,2.782106476081364,26.09983500422623,gamma
2024-01-01 02:28:00,1.0595192556393835,-1.0230934530208677,3.6828260782636684,25.077080779982538,alpha
2024-01-01 02:29:00,0.8940022681886399,-0.9303793635186581,2.940767929238133,24.9316143644,gamma
2024-01-01 02:30:00,4.763829160776124,-0.8151043905054655,2.88784927242373,24.846604312898155,gamma
2024-01-01 02:31:00,0.6622951581158576,-0.8873434970452243,2.5296893691455087,24.552771975534274,beta
2024-01-01 02:32:00,0.3369233749188675,-1.0268888690554832,2.9744860009343332,24.87779018727622,beta
2024-01-01 02:33:00,0.40044538122607065,-1.110652590874167,2.7597443191509106,24.53929418668299,gamma
2024-01-01 02:34:00,0.2953100895373918,-0.7426640196750139,3.6398010611908367,24.74892890587828,alpha
2024-01-01 02:35:00,-0.021354471149586024,-0.9940781565985511,3.4406953343593965,25.300461146319638,gamma
2024-01-01 02:36:00,0.3820864334132986,-0.9986070708087054,2.9218871514819766,24.11461914368108,alpha
2024-01-01 02:37:00,-0.005824712437597412,-1.0024125087110003,3.7946733120875806,25.16332561065098,alpha
2024-01-01 02:38:00,-0.44485954869752486,-0.9801915239232145,3.404110715154795,25.226711508487394,beta
2024-01-01 02:39:00,-0.17734051212615776,-1.0144360411923943,3.0027982511101903,24.483163097485438,alpha
2024-01-01 02:40:00,-0.6012605634247804,-1.0573662006880236,2.341120563000893,23.454593154367423,alpha
2024-01-01 02:41:00,-0.3417940468259807,-1.0546858941240391,3.7689475906505407,24.18421693941241,gamma
2024-01-01 02:42:00,-0.35520442930520923,-1.0032753270216,2.6555434665325746,25.10852096449983,beta
2024-01-01 02:43:00,-0.8332310242617115,,2.5695737328603396,24.4197783032919,alpha
2024-01-01 02:44:00,-0.5527033445229665,-1.0712845782677165,3.3607703163037796,23.902047314378684,alpha
2024-01-01 02:45:00,-0.7328972719081344,-0.9893569772308103,3.776758334644295,24.119099198145307,beta
2024-01-01 02:46:00,-0.71460967506253,-1.0254977217420855,3.4509753977952204,24.760891822322733,gamma
2024-01-01 02:47:00,-0.5564529905523602,-0.8496007011417311,3.195754658633651,24.582355565373387,beta
2024-01-01 02:48:00,-1.0346558463940922,-1.265096980839301,3.195923944035998,24.157246534701986,beta
2024-01-01 02:49:00,-1.1788518027989539,-0.8908493148077539,3.264465294544955,24.060346129439388,alpha
2024-01-01 02:50:00,-1.2411051564617777,-0.8753914807502371,3.2270893738370985,24.014252184666184,alpha
2024-01-01 02:51:00,-1.253874460322189,-1.207339023240815,3.074765497103259,23.714631594970832,gamma
2024-01-01 02:52:00,-1.1259264532584954,-1.0342687594080349,3.012692695780882,24.948567901414805,alpha
2024-01-01 02:53:00,-1.0542547181260433,-1.0371440865995791,2.9537056614743236,23.94410667516598,alpha
2024-01-01 02:54:00,-1.071243931787376,-1.1407511694717822,2.7373723181369587,24.677582153198546,beta
2024-01-01 02:55:00,-0.9573243119481291,-1.0777816687590875,2.87046404577427,24.79275178116705,alpha
2024-01-01 02:56:00,-1.1084166341951531,-1.1110575845465829,2.437911097320205,24.49370079786974,gamma
2024-01-01 02:57:00,-0.8006701109975196,-0.8247729556576378,2.9074544448559614,23.74055347031357,beta
2024-01-01 02:58:00,-1.1168300397356727,-0.9064321606852539,2.631563730740124,24.119419687530748,gamma
2024-01-01 02:59:00,-0.4846374467189851,-0.8728444905005841,2.5882754567313344,23.86602674564532,beta
2024-01-01 03:00:00,-0.860681010182226,-0.9278327935956765,2.9645580658557207,23.386228667191858,alpha
2024-01-01 03:01:00,-1.1069097464724544,-1.1129051771217229,3.3194543754512744,23.9596057783037,beta
2024-01-01 03:02:00,-1.0920206453544337,-1.0524520266279773,3.168638761870729,23.16665071832693,beta
2024-01-01 03:03:00,-0.7166202523869385,-0.9510625438772082,2.413309832285398,24.30815926204187,alpha
2024-01-01 03:04:00,-0.7862251838239371,-1.1222127808891946,2.578913870016229,23.439570985786027,alpha
2024-01-01 03:05:00,-0.520559504244793,-0.9287001569827612,3.14940195107944,23.72943737036043,gamma
2024-01-01 03:06:00,-0.4842380384399201,-1.0240325398158134,2.5638185684006127,23.7269040484937,gamma
2024-01-01 03:07:00,-0.5029911561368416,-1.0374820807549596,2.78259486356254,23.411641770633228,alpha
2024-01-01 03:08:00,-0.5616763627525785,,3.0064462131592986,23.78971387973683,alpha
2024-01-01 03:09:00,-0.5938927079651533,-0.955573668851396,2.5423986973769077,23.21363354024334,alpha
2024-01-01 03:10:00,-0.2739272062392509,-1.0360966165819079,2.8560117344926774,23.840905254058956,beta
2024-01-01 03:11:00,0.09745793657054402,-0.8840670196635751,2.4157140045814987,22.685898115130247,beta
2024-01-01 03:12:00,0.08388347770000452,-1.1081063327599898,2.6270593752718154,23.375176559621345,beta
2024-01-01 03:13:00,-0.0895476897071446,-0.9384064393055737,2.8949776327192054,24.23402498459759,alpha
2024-01-01 03:14:00,0.3159705448708216,,2.31274360891138,22.716450957818257,gamma
2024-01-01 03:15:00,0.48286858087229,-1.030954643931399,2.9144080434132835,22.82929029100982,alpha
2024-01-01 03:16:00,0.35576746669151893,-0.9673866977757882,2.768023316273823,23.376160560472503,beta
2024-01-01 03:17:00,0.6917986128659837,-1.1251113576385303,2.931335741615724,23.15954685096094,beta
2024-01-01 03:18:00,0.8025013906650571,-0.9075972980793099,2.824462085027023,23.19513363911713,alpha
2024-01-01 03:19:00,0.6928685720002826,-1.0184902136442988,3.158253978487133,23.213996006511426,alpha
2024-01-01 03:20:00,1.123922371525966,0.9477276979480961,2.778328045364171,23.23587624337852,beta
2024-01-01 03:21:00,1.2952245240553295,1.104900922583689,2.603712643136121,23.422015781313902,beta
2024-01-01 03:22:00,1.529682996999274,0.9295656309457241,2.761021858781759,23.020270964853083,beta
2024-01-01 03:23:00,1.6526454215423523,0.859153870363644,2.8791449363643644,22.642482223254905,alpha
2024-01-01 03:24:00,1.2934799830167218,0.8443370826476096,2.7226610120264914,23.046709237539147,beta
2024-01-01 03:25:00,1.5064103966373281,1.060600995134564,2.712052431391975,23.6072449664883,beta
2024-01-01 03:26:00,1.91930141608944,0.8719570647503717,2.481173747171365,22.537447435343346,gamma
2024-01-01 03:27:00,2.038263099271749,1.1754794181984365,2.484821630885538,22.062547151541505,alpha
2024-01-01 03:28:00,2.1541670723248,0.7918070592116278,2.254855227397284,23.048995373617633,gamma
2024-01-01 03:29:00,2.9333571355476042,1.1696456368290038,3.1924789120417962,22.38051204985018,gamma
2024-01-01 03:30:00,2.3842213579770806,1.0211017467202619,2.286440103410688,21.299228490155826,beta
2024-01-01 03:31:00,2.5995628752398234,0.9903286888129608,2.4437447320749945,22.75375651363536,alpha
2024-01-01 03:32:00,2.6604447432019898,0.9455080913191051,2.428135289438692,22.006494576585162,beta
2024-01-01 03:33:00,2.6915401662680734,1.039913611435207,2.904199848281625,22.172644466129274,alpha
2024-01-01 03:34:00,2.5839053036688497,0.9962365297575152,2.5393265144917074,22.32730207127943,gamma
2024-01-01 03:35:00,2.878210231639039,1.1103301882016523,2.994246667768875,22.199619879120117,alpha
2024-01-01 03:36:00,2.644773590401931,1.011422764866204,2.4100131606162467,22.40182044341354,beta
2024-01-01 03:37:00,2.8180930750835547,1.0150301761461877,2.6879185013571347,21.771751288302635,beta
2024-01-01 03:38:00,2.827456034172008,0.9636387787786144,2.3457995735465835,22.188131886758438,beta
2024-01-01 03:39:00,2.9927150896618566,0.9943054376278933,3.2321553260936104,21.743583920518855,alpha
2024-01-01 03:40:00,3.4836376189813754,1.030780176889206,2.224561351273026,22.184243759724076,gamma
2024-01-01 03:41:00,2.6840166952007376,0.8289831607343374,2.6660407000454747,22.063715787446718,gamma
2024-01-01 03:42:00,3.2237579636905247,0.8651814577894287,2.7555044120304117,21.22922781024818,alpha
2024-01-01 03:43:00,2.7851761064780227,1.0743264094022715,2.6818111187504026,22.18058429247936,beta
2024-01-01 03:44:00,3.0266592222280018,1.0170865438127943,2.4944082450288567,21.309997952523346,gamma
2024-01-01 03:45:00,3.3442420367694843,0.9816016663647321,2.503394527993532,21.92214483391616,beta
2024-01-01 03:46:00,3.1367926802098323,1.0018433933065394,2.547853347612197,21.641655161282674,alpha
2024-01-01 03:47:00,2.897980734724564,1.034758170536167,2.4830013775652593,22.31676775216191,beta
2024-01-01 03:48:00,2.9522313051898315,0.9460240319690638,2.808680620311947,21.225385737050797,gamma
2024-01-01 03:49:00,3.2052354122520614,0.9221695274597688,3.175111459615101,21.10169115098691,gamma
2024-01-01 03:50:00,2.8896505890931596,1.0195845255097682,2.337167395810072,21.205668207905774,beta
2024-01-01 03:51:00,3.0379608792094954,0.9021627222384968,2.0859570397949847,21.002623888970955,alpha
2024-01-01 03:52:00,2.9554484937670713,1.040825275571447,2.462918883776722,21.49283750592328,beta
2024-01-01 03:53:00,2.760610112326591,0.8297416395762159,3.2558443587283077,20.22319075662769,alpha
2024-01-01 03:54:00,3.2574855299158587,1.1029155637325643,2.2333796732102127,20.442820842270862,beta
2024-01-01 03:55:00,2.886683964551477,1.0472597482413044,2.9587899311080137,20.373922846856072,gamma
2024-01-01 03:56:00,2.279804457690129,1.0256029734313876,2.9629602721633086,21.320996428310874,alpha
2024-01-01 03:57:00,2.6411033154469923,1.0982690983945513,2.2861909195743024,21.639033539063053,alpha
2024-01-01 03:58:00,2.384822184524657,1.1665474444462576,2.6156018389590017,20.669262207875306,alpha
2024-01-01 03:59:00,2.59578384053486,1.101437006501813,2.926087517718976,20.574721531699506,gamma
2024-01-01 04:00:00,2.17004531648823,0.8159125768668355,2.3165138502109546,20.63169954877035,beta
2024-01-01 04:01:00,2.20439226291667,0.8720423033264298,2.3618836662416145,21.11505909276444,gamma
2024-01-01 04:02:00,2.2230857733203395,0.9375181422304322,2.241180995978166,20.0078051664959,alpha
2024-01-01 04:03:00,2.1863836980085267,1.0026091050210835,2.1040075752554652,20.5279532659565,beta
2024-01-01 04:04:00,1.661164472876593,1.0517659020469123,2.2064224181362784,20.833589822179583,gamma
2024-01-01 04:05:00,1.7196250281571874,0.9274256186846535,2.0268163863910598,20.533705469768197,alpha
2024-01-01 04:06:00,1.5746224896084335,1.0186766764477078,2.3970379241068365,20.315071677224516,alpha
2024-01-01 04:07:00,1.4202998444938935,0.9244617067646678,2.14865689903673,20.657891474876504,gamma
2024-01-01 04:08:00,1.7841685114325754,0.9388482197008052,2.4426421293978553,18.74281489176307,gamma
2024-01-01 04:09:00,1.3914387036093248,0.8593338903151777,1.8986165877463428,20.370416336116634,gamma
2024-01-01 04:10:00,0.9373808477158599,0.9076766753889096,2.457549650912211,19.64148348208511,alpha
2024-01-01 04:11:00,1.2524947260345982,0.8648315394383667,2.6012658791109287,18.99025251330908,gamma
2024-01-01 04:12:00,1.3734655483938936,0.9024126747022667,1.7460293530159745,20.098232871169557,alpha
2024-01-01 04:13:00,1.0368815002696072,1.105364179660784,2.449331053910451,20.466548403656336,gamma
2024-01-01 04:14:00,0.40960073148381954,0.9050601111168057,2.698399936298775,19.64811735788788,alpha
2024-01-01 04:15:00,0.5019294311390006,1.263238206483739,1.9602131435949315,20.1304462663131,alpha
2024-01-01 04:16:00,0.7401495706628247,1.049331790088089,2.817904367747321,20.39737035440521,beta
2024-01-01 04:17:00,0.23637778935199552,1.0184836123694874,2.434886485840752,20.185975493200832,gamma
2024-01-01 04:18:00,0.3614243344191979,0.9141642219818786,2.090746223661671,20.28586232322535,gamma
2024-01-01 04:19:00,0.3263773465110996,1.0700309879408991,2.2786088578441257,19.77439027832219,alpha
2024-01-01 04:20:00,-0.11068326789122962,0.9424362173762226,2.45594819660283,19.378584426156284,alpha
2024-01-01 04:21:00,-0.029084548690692942,1.012200981464536,2.3043829606736073,18.477530276907373,alpha
2024-01-01 04:22:00,-0.7520659205069167,1.2560084538268794,2.4363599780189764,19.093241903162937,beta
2024-01-01 04:23:00,-0.3897105032885113,0.990394010027535,1.9917034941472609,18.73253407001782,beta
2024-01-01 04:24:00,-0.31041379036650574,1.1149273326285676,2.3119067041236687,20.17764705110324,alpha
2024-01-01 04:25:00,-0.5782533484437643,0.9296823574874112,1.8301974242290189,18.942395041939793,gamma
2024-01-01 04:26:00,-0.0644479210614291,0.9965011509503038,2.2141776415042096,19.030256342546256,gamma
2024-01-01 04:27:00,-0.732362401378432,1.177080063563551,1.9696271631571423,19.18287613306798,beta
2024-01-01 04:28:00,-0.5826780586324972,0.9373032942212233,2.0134147166291894,18.867587442798136,beta
2024-01-01 04:29:00,-0.5095757999793686,1.1812448557996928,2.5981960831258646,19.632147509365737,alpha
2024-01-01 04:30:00,-0.2810612046519031,1.0707751935455476,2.548075724652411,18.412325770086767,gamma
2024-01-01 04:31:00,-0.882464477277714,0.9437533224105732,2.396758749002038,18.7601849993819,alpha
2024-01-01 04:32:00,-0.38089693987943285,1.063240773905552,1.8796781136991212,18.23108879338663,beta
2024-01-01 04:33:00,-0.621890064186822,1.097255444962673,2.105823984630396,17.881977239807643,gamma
2024-01-01 04:34:00,-0.8227536475856008,1.0621809962217197,2.5580702921693734,18.175999519771775,gamma
2024-01-01 04:35:00,-0.5286249005332343,0.8429775280109544,2.230070345414818,18.40350192639542,beta
2024-01-01 04:36:00,-0.5679073416012594,0.9272862824175131,2.876788189465786,18.147755653349527,alpha
2024-01-01 04:37:00,-0.7065493010473802,0.9752481364448495,2.2924384431086002,17.9568423487926,alpha
2024-01-01 04:38:00,-0.5435093167210844,0.9925566570899954,2.2255312385743453,17.54080922272389,gamma
2024-01-01 04:39:00,-0.5977686250190261,,2.0686745662466715,18.14360869440533,beta
2024-01-01 04:40:00,-0.45363679273434304,1.0177701000933255,2.194984309567247,17.374282553673687,gamma
2024-01-01 04:41:00,-0.29210260883361716,0.8664655641289899,2.1027130919670936,18.448448994174406,beta
2024-01-01 04:42:00,-0.04825343320248848,,2.354438064314531,18.0517254028797,alpha
2024-01-01 04:43:00,-0.5469017330748124,1.0610585745283823,2.4225869301809047,17.224129715423512,beta
2024-01-01 04:44:00,0.20019028739086653,1.055979044793104,1.8933694681373705,17.741025422244487,alpha
2024-01-01 04:45:00,-0.5373767125014228,1.1080780725554622,1.7234057307614439,17.462609891209787,beta
2024-01-01 04:46:00,-0.09161893501402721,1.0833922154548905,1.5655424970816005,17.941676147928238,gamma
2024-01-01 04:47:00,0.14801905079356165,1.0459180079228436,2.262449123341277,18.396066553449447,alpha
2024-01-01 04:48:00,0.18374862634330383,0.9929834288541353,1.7727084263405177,16.732368090116978,gamma
2024-01-01 04:49:00,0.10541684019743519,0.8339039066484009,1.4515369226737609,17.671949776410862,gamma
2024-01-01 04:50:00,0.2955647125118861,1.0429618219132586,2.2076823266704704,17.479230970389704,alpha
2024-01-01 04:51:00,0.3502422780046409,1.0207687687163112,2.832732140791988,17.840214999251085,alpha
2024-01-01 04:52:00,0.44662113952185145,1.0271578837195374,2.076753391135634,17.55678651024202,gamma
2024-01-01 04:53:00,0.8536260567564982,0.872325142417969,2.323883058208445,17.020251025595954,gamma
2024-01-01 04:54:00,0.8774276925726543,0.8918943459591737,2.0906645205776058,17.183169033126,gamma
2024-01-01 04:55:00,0.7924042243397307,1.1053152853332904,2.030247373855756,16.891564684660473,gamma
2024-01-01 04:56:00,1.2380349639512764,0.9960444846143345,2.329454385131615,17.774892518735122,alpha
2024-01-01 04:57:00,1.248387155811101,1.0681500697372623,1.9604848051545398,17.195294187947145,alpha
2024-01-01 04:58:00,1.4795048049861075,1.0028318376130458,2.121639092861151,18.083429482540712,gamma
2024-01-01 04:59:00,1.5735608689284106,1.0029756139495742,2.13180341724554,17.051154083995055,beta
2024-01-01 05:00:00,5.412738366249172,-0.9061716194024002,1.8287580071924903,16.676394175107173,beta
2024-01-01 05:01:00,1.5971041449847538,-1.0516044728217373,2.3207072519955303,16.223324214213235,alpha
2024-01-01 05:02:00,1.9884051293477685,-0.9903879223059017,1.9645343048902921,16.028674201880886,gamma
2024-01-01 05:03:00,2.0895350991549484,-1.0462275288705043,1.7842445948604346,16.088725392854208,gamma
2024-01-01 05:04:00,2.090014576280652,-1.0434496227432315,2.1658851779283683,16.965400549233493,alpha
2024-01-01 05:05:00,2.2421311169611657,-1.030917212346864,1.7293740292672333,17.037745891493927,beta
2024-01-01 05:06:00,2.5959329131224327,-0.9777866228366288,2.001369032383374,15.944844163915489,beta
2024-01-01 05:07:00,2.3406209933588715,-1.0478748621663476,1.9841972557539318,17.13553238718992,beta
2024-01-01 05:08:00,2.6832412985281593,-0.8744243874426479,2.3067378482260845,16.399581518904657,alpha
2024-01-01 05:09:00,2.6441856853390657,-1.0894607302219503,2.1174327723355075,16.668139900662446,beta
2024-01-01 05:10:00,2.7473870223825374,-1.018687164416136,1.9615871853807614,17.35502494557311,alpha
2024-01-01 05:11:00,3.112072989536334,-1.0439731058274175,2.20851492626869,16.95205267893358,alpha
2024-01-01 05:12:00,3.1535086434030717,-0.8553022115646267,2.3743548042840352,16.32464041856182,gamma
2024-01-01 05:13:00,3.2415874905547577,-0.9803445223488425,2.118760820875296,15.969143774571723,beta
2024-01-01 05:14:00,3.424455364494076,-0.8968155460531365,1.9486663375488416,15.29523475691134,alpha
2024-01-01 05:15:00,3.2457333950853173,-1.1485560373036972,1.5461700848259337,15.968543705943569,beta
2024-01-01 05:16:00,3.4495053296945706,-0.9732949734130741,1.614364786085317,16.180115312775065,beta
2024-01-01 05:17:00,3.3157887944235194,-0.9110369204376563,1.8365268791113796,15.750239622517576,gamma
2024-01-01 05:18:00,3.500311505686884,-0.9917716010724575,1.7394534576617644,16.13694537901095,beta
2024-01-01 05:19:00,3.459785868861692,-0.8934519624934649,1.8604459254940495,16.200346343922458,gamma
2024-01-01 05:20:00,3.548070473035453,-1.0517288450100373,1.9277798099907204,16.00944746025518,alpha
2024-01-01 05:21:00,3.6829300781754637,-0.859065255981442,2.0639574410321777,15.75744406722583,beta
2024-01-01 05:22:00,3.4277327897822882,-0.7701101876380749,1.878181977758577,16.12796370931077,alpha
2024-01-01 05:23:00,4.029494467707827,-1.036283856043966,2.03958126335435,16.226424975988945,beta
2024-01-01 05:24:00,3.421557485455394,-1.0445502521400771,1.907289364745293,15.422706706072756,alpha
2024-01-01 05:25:00,3.3837443690958335,-0.8546615522882299,1.2896404001986093,16.636463297087335,beta
2024-01-01 05:26:00,3.854107287789385,-0.8420427854269288,1.5948300902637194,15.845439024086216,beta
2024-01-01 05:27:00,3.768838650168263,-1.052286002715327,1.8277717374485043,15.868544754792339,beta
2024-01-01 05:28:00,3.7155363667395322,-1.0420186817095858,1.5024737836216044,16.178270524408195,beta
2024-01-01 05:29:00,3.68887137238953,-1.0281784608860507,2.039761883590056,15.906476806443655,beta
2024-01-01 05:30:00,3.525655215358073,-1.1344450511034276,2.3134263776271884,16.23280998160989,beta
2024-01-01 05:31:00,3.3061273488963527,-1.09186519464842,2.214264301540956,15.866849498314078,beta
2024-01-01 05:32:00,3.450972498721893,-1.1004140766752069,1.7790542073457472,15.384792531407085,beta
2024-01-01 05:33:00,3.2435893647590053,-1.076779756510413,2.2847728866197223,15.840169953532595,beta
2024-01-01 05:34:00,3.5104774039789857,-1.0034684887386782,1.8766398640241786,15.056650237580255,alpha
2024-01-01 05:35:00,3.215967094071405,-0.9765785267463479,1.7254149713478646,15.652581422362122,gamma
2024-01-01 05:36:00,3.003995121232869,-0.8449499507185922,1.6370376042732795,15.552172670236429,beta
2024-01-01 05:37:00,3.0226463767760885,-1.0998354040738791,1.7248515933347321,15.435917880144453,gamma
2024-01-01 05:38:00,3.081797258429596,-0.9015677601523416,1.6936899555671963,15.447603311320908,beta
2024-01-01 05:39:00,2.793579318818523,-1.021398884422551,1.8558347263510986,14.543554873379462,beta
2024-01-01 05:40:00,2.644207154739643,-1.0049463709652433,1.8474652200283002,15.183440185148543,alpha
2024-01-01 05:41:00,2.755336291555374,-0.9325180507833396,1.7948062564531195,15.478268475753094,alpha
2024-01-01 05:42:00,2.6495846108416985,-1.11227220215623,1.9195895358434014,15.486541865912244,gamma
2024-01-01 05:43:00,2.389679833741426,-0.961759025381595,2.1403337630327,14.868272003216122,alpha
2024-01-01 05:44:00,2.2842765264206473,-0.9833547791786944,2.0626540295636837,15.991191541916692,alpha
2024-01-01 05:45:00,2.3097143925938775,-0.9507548735991851,1.3269823710258772,14.902214158149274,gamma
2024-01-01 05:46:00,1.8563884899066645,-0.9710831356092182,1.0009554097979367,15.797733708510862,alpha
2024-01-01 05:47:00,1.7455789258901226,-0.7544699860089106,2.0421236803538605,15.505048915390468,beta
2024-01-01 05:48:00,1.763305639533053,-1.0637739984251315,1.3464759742489414,14.947531223138478,gamma
2024-01-01 05:49:00,1.7435799789506843,-1.0530996955001817,1.6838377122910961,16.13824328419527,gamma
2024-01-01 05:50:00,1.727576179577594,-1.0623140526424764,1.3949769987796055,14.63446537801284,beta
2024-01-01 05:51:00,1.8399403008739088,-1.0555477119160255,1.2001761262174253,15.672312893429249,alpha
2024-01-01 05:52:00,1.5967219258189878,-1.0637387127306517,1.8979841566472828,15.695237975804567,gamma
2024-01-01 05:53:00,1.2748638560003769,-0.8810983468892448,1.9580826495584804,14.84260954018696,gamma
2024-01-01 05:54:00,1.1865392507750334,-0.8579495752010144,1.5521893800476723,15.857889640058241,beta
2024-01-01 05:55:00,0.8756384231248158,-1.0570746293749476,0.9426518000064018,15.02113817375069,beta
2024-01-01 05:56:00,0.9610266931324472,-1.0832355573104229,1.5509286823553825,15.275782239182908,alpha
2024-01-01 05:57:00,0.798827156500534,-0.9528584443613596,1.82719624278153,15.247642224626738,gamma
2024-01-01 05:58:00,0.8166251630024651,-1.055222304428097,1.2608500434978875,15.037146914767003,alpha
2024-01-01 05:59:00,0.4862846615439944,-0.9367068182244489,1.7544153653038848,15.497301591534267,alpha
2024-01-01 06:00:00,0.6597938630198732,-0.97970769791487,1.689713665899012,15.477016140440462,beta
2024-01-01 06:01:00,0.7716098349680045,-1.1515744114997233,1.863008611761636,14.195160117707255,gamma
2024-01-01 06:02:00,0.35777117972939837,-0.8452494798669938,1.7200250776327919,15.711532268408506,gamma
2024-01-01 06:03:00,0.3800091639917319,-0.8204122326904478,1.3871753082532876,14.218835509667203,gamma
2024-01-01 06:04:00,0.3638579534130971,-1.0612788690484387,2.0330276369309326,15.557858748044806,beta
2024-01-01 06:05:00,0.07807854536405792,-1.0387701559935985,1.621472637401698,15.59722848892692,beta
2024-01-01 06:06:00,0.14225310740323927,,1.6558305518958247,14.481470334834302,beta
2024-01-01 06:07:00,0.04594466168192507,-0.9665543210012975,1.3790469667593912,14.81541248769115,beta
2024-01-01 06:08:00,0.0160664239309064,-0.9341455727327169,1.5210631110185604,14.462622803952657,beta
2024-01-01 06:09:00,-0.19764661075736187,-0.7989795461233651,1.3836423502287731,14.903460401722494,gamma
2024-01-01 06:10:00,-0.07022269242843858,-1.0176947227494049,1.5922496258259184,14.853140547638898,alpha
2024-01-01 06:11:00,3.760731974056242e-05,-1.0798297244538453,2.152711123790777,15.39401631956635,gamma
2024-01-01 06:12:00,0.17398877794284384,-1.1379319228014526,1.2227081848008219,15.657160852164868,alpha
2024-01-01 06:13:00,0.06678169544519078,-1.073093003994192,1.1453048237782317,15.698461217707793,beta
2024-01-01 06:14:00,0.30463171141741663,-1.0033126972873798,2.0658337800545166,14.718940759694318,alpha
2024-01-01 06:15:00,-0.2724828414120507,-0.8205442136482213,1.5568096963385336,14.895612018506084,gamma
2024-01-01 06:16:00,0.07035816015694896,-1.0517611299036171,1.414023730517223,14.159494731966118,gamma
2024-01-01 06:17:00,-0.04465351094047175,-0.9776212048361101,1.9218703019917807,14.600062200732072,alpha
2024-01-01 06:18:00,0.3872289957750085,-1.0016422896072752,1.4233821247413678,15.487998706887476,beta
2024-01-01 06:19:00,-0.17409601925753565,-0.8811606726551916,2.148052095184194,15.816731800568675,beta
2024-01-01 06:20:00,-0.13451248284269068,-0.7473067574126377,1.7988237970153584,14.39592475950716,gamma
2024-01-01 06:21:00,-0.033167272097447145,-1.053086877292032,1.4442838842973336,14.721816521361445,alpha
2024-01-01 06:22:00,-0.2775686539603515,-1.0489439442518222,2.233075415210659,15.010585092075344,beta
2024-01-01 06:23:00,0.1095587141045361,-0.8955839122930928,1.3994084490408414,15.170396823766486,beta
2024-01-01 06:24:00,0.1371348018385773,-0.9318108510373688,1.7990057994642052,14.632830677356683,gamma
2024-01-01 06:25:00,0.39976973439254354,-0.8153292674263967,1.6614334682286303,15.257765911722547,beta
2024-01-01 06:26:00,0.524949813158897,-0.9416071814674036,1.9574507887429695,14.817704142656611,alpha
2024-01-01 06:27:00,0.924593915906357,-1.035929209078706,2.0306786277034155,15.057070172766295,gamma
2024-01-01 06:28:00,0.8377114324099989,-0.940934516930769,1.5671374966144476,15.347893456005941,gamma
2024-01-01 06:29:00,0.6356491185236628,-0.8891296419417092,1.3268359480770544,15.089198364900398,alpha
2024-01-01 06:30:00,0.6794964981644372,-0.9179517818802636,1.6861920411823494,14.879809275517749,gamma
2024-01-01 06:31:00,1.0700505701367518,-0.9492725968892702,1.3402388662116735,15.055989497481209,beta
2024-01-01 06:32:00,0.8240192535239368,-0.8933325310410846,2.142936677958856,15.080180258243901,beta
2024-01-01 06:33:00,1.5742272977249536,-0.8830704409554327,1.5752620354520428,14.953696570011868,alpha
2024-01-01 06:34:00,1.5667085923268447,-0.8617841008962472,1.4200997672843068,15.024415135837458,beta
2024-01-01 06:35:00,1.3624187708295117,-0.9351290112410358,1.580508943499345,15.969016173964663,alpha
2024-01-01 06:36:00,1.241131476027481,-1.0167118080316855,1.1163893649658658,15.466797555942478,alpha
2024-01-01 06:37:00,1.9836231162331985,-0.9853286313566677,1.224479180015731,15.056006098912825,beta
2024-01-01 06:38:00,1.8201250588497437,-0.8793491033491643,1.8715374021160893,15.570392308813151,alpha
2024-01-01 06:39:00,2.2213788163897643,-1.0816935670987236,1.309808441509075,15.073931752402514,beta
2024-01-01 06:40:00,1.785812330523249,1.0368673308872902,1.1882805421751632,15.847084748201848,gamma
2024-01-01 06:41:00,2.1153061953941643,0.9606661187672639,1.658840349959364,15.465775878724905,gamma
2024-01-01 06:42:00,2.36581713514029,1.0028744822934816,1.8490599925170228,15.248484245480293,alpha
2024-01-01 06:43:00,2.5023619456130053,1.12784518626073,1.7045524553057323,15.547919138812652,beta
2024-01-01 06:44:00,2.5292722863815564,1.0191099068019904,1.7832119374047564,14.561289305708119,beta
2024-01-01 06:45:00,2.8678163696703076,1.0046436548156148,1.2529036878368154,14.806748106836238,gamma
2024-01-01 06:46:00,2.6508534205624223,0.8640143859020081,1.048956970057923,14.797307840691207,gamma
2024-01-01 06:47:00,2.9537427384294586,1.0746253566027222,1.9214715541293015,15.490610609880969,beta
2024-01-01 06:48:00,3.1203818177490925,1.0645484181141076,1.3698520881232032,16.310991554044595,alpha
2024-01-01 06:49:00,3.3091451700631347,1.216325472330546,1.3870039689452953,16.586701334434533,gamma
2024-01-01 06:50:00,3.4539299959696264,0.9692221765047,1.8563231636367925,15.81711206186298,alpha
2024-01-01 06:51:00,3.1870455415737196,1.021915032766394,1.6203581445377557,15.776257754880227,alpha
2024-01-01 06:52:00,3.200157548325486,1.0249383683710755,1.5858928278726934,14.653765013588226,gamma
2024-01-01 06:53:00,3.851805053138782,1.1577453279763474,2.0942776487229935,15.31212018911046,alpha
2024-01-01 06:54:00,3.745970735348793,0.9904704467613048,1.2473849803138446,15.21942864270785,alpha
2024-01-01 06:55:00,3.6066878384512533,1.027902152577034,1.714469008013163,15.333455635891173,beta
2024-01-01 06:56:00,4.136846957771155,1.060789650971654,1.448910404137046,15.591057083781994,alpha
2024-01-01 06:57:00,3.9130786791149585,1.0186609123156358,1.5080865853740502,15.471018949521111,beta
2024-01-01 06:58:00,4.181995077049817,0.9553566385449471,1.8817647638207167,14.750030202537074,gamma
2024-01-01 06:59:00,4.008493121312198,1.0194089992898308,1.5713031573837275,16.14692655811177,gamma
2024-01-01 07:00:00,0.44848096632514256,1.1073631749859771,1.576182270629087,15.270561414306846,beta
2024-01-01 07:01:00,4.421085717049974,0.897348470058894,1.732199447857302,15.961182646721781,gamma
2024-01-01 07:02:00,4.046141471421812,1.0132969674146877,1.2967279725153138,16.91388613756711,alpha
2024-01-01 07:03:00,4.30831298896593,0.9299879185060826,1.1502301425999593,15.453091801103128,alpha
2024-01-01 07:04:00,4.253234504759679,1.1195046628924843,1.0843422045893272,14.684227637905604,alpha
2024-01-01 07:05:00,4.400121752647832,0.8476813095216225,0.8036825365226121,15.843598798160727,gamma
2024-01-01 07:06:00,3.9277334767528767,0.9441078152728412,2.00626879549252,16.574946541304186,alpha
2024-01-01 07:07:00,4.244380137048174,1.037721187506452,1.0542738448073874,17.04213656706088,gamma
2024-01-01 07:08:00,4.29750890210416,1.156552402923434,1.3147024826167608,15.487308356939879,alpha
2024-01-01 07:09:00,3.705037182353335,0.9934249738927012,1.2938892744793247,16.390171075734354,beta
2024-01-01 07:10:00,3.783536281798703,0.9444800473306801,1.4650224106696916,15.94951624109504,gamma
2024-01-01 07:11:00,3.568351146114919,1.188115706944059,1.6134011067521377,16.17015259582408,gamma
2024-01-01 07:12:00,3.8711266626361733,0.8551986099583756,1.6227138987111496,17.58685255483392,alpha
2024-01-01 07:13:00,4.010350462652599,0.7801194043379918,1.1855528602737317,15.555342042133729,gamma
2024-01-01 07:14:00,4.102421264928317,1.0440014450053332,1.3062561107682236,16.476428896646556,gamma
2024-01-01 07:15:00,3.7454274930551366,0.9497945775647388,1.4370953996302405,16.62671627098376,beta
2024-01-01 07:16:00,3.9788437003632975,0.8978767182869287,1.2736550859402342,16.979645359718532,beta
2024-01-01 07:17:00,3.293792613293892,1.0708356447299354,1.8264192889672806,16.530191221719555,alpha
2024-01-01 07:18:00,3.140358937732496,1.0243800713771198,1.4874734405057606,16.680230251132446,beta
2024-01-01 07:19:00,3.3760502343909105,0.9435921369263272,1.5566217397115878,16.375936787349897,alpha
2024-01-01 07:20:00,3.3653908621982462,0.8719695601329105,1.5310123070603434,16.752424161951676,alpha
2024-01-01 07:21:00,3.179160940787324,1.0872457328280145,1.6801916437111788,16.49290039556638,alpha
2024-01-01 07:22:00,2.6654652001054258,1.065020117795866,1.378469515393775,17.022447148061048,gamma
2024-01-01 07:23:00,2.950957773577274,0.9900824136220617,0.9311389900026928,16.574542055032403,beta
2024-01-01 07:24:00,2.594746867726764,1.1846636996047666,1.4361324158979256,16.99609722964352,alpha
2024-01-01 07:25:00,2.8739332472200845,0.8929915233673847,1.1168683117871696,16.841621583360045,beta
2024-01-01 07:26:00,2.6956534078327397,,1.1497515828237432,17.468482498878252,alpha
2024-01-01 07:27:00,2.315155957968169,0.9308091930118756,1.4803188226791335,16.92945551965172,beta
2024-01-01 07:28:00,2.2801119974039183,0.9954413983644502,1.6719793549820596,16.118813901058967,beta
2024-01-01 07:29:00,2.0502477641586707,1.0243339449322693,1.3029724744895308,17.68694342955998,alpha
2024-01-01 07:30:00,2.1287098446621258,0.975876394214367,1.3853491893106618,16.654235832422202,gamma
2024-01-01 07:31:00,2.2118781152909035,1.0352055396514297,1.79948373396333,16.831796772072902,beta
2024-01-01 07:32:00,1.7042541257908619,0.8748460575809556,1.3571768153801964,16.912877730378487,gamma
2024-01-01 07:33:00,1.8841971769200245,1.1443764604073259,2.061599017712486,17.950398088592515,gamma
2024-01-01 07:34:00,1.5612512006116699,0.9917848821607431,1.4469017751861553,16.248246509260216,alpha
2024-01-01 07:35:00,1.3950491440718749,1.1117295831588128,0.7451863931561666,18.93828797919499,alpha
2024-01-01 07:36:00,1.4214150505934027,1.0342725346377704,1.495595553366989,17.951189279659374,alpha
2024-01-01 07:37:00,1.1283053885676204,1.0456753219153785,1.3801299008222547,17.58893604024728,beta
2024-01-01 07:38:00,1.120937717671001,1.0569767280232203,1.6489089676593545,17.504425250102116,alpha
2024-01-01 07:39:00,0.8926174162399715,1.0447708560017315,1.460149706317539,17.729596264702483,alpha
2024-01-01 07:40:00,1.4302891345112554,1.0642722759867544,1.2128820344409883,17.902710016386933,beta
2024-01-01 07:41:00,0.954569306739164,1.1329152530132431,0.8833642225217992,18.02045999592146,beta
2024-01-01 07:42:00,0.7231411399489149,1.0196521169701471,1.1841928810460056,18.03172283101994,alpha
2024-01-01 07:43:00,0.8272034216811908,1.0709003757588513,0.9880011539228555,17.85513543866924,alpha
2024-01-01 07:44:00,0.6893461865767014,0.9910264305712774,1.065268920510413,17.76844754703325,alpha
2024-01-01 07:45:00,0.6014128950553943,1.1440117215449472,1.4122793416397807,17.848589932757253,alpha
2024-01-01 07:46:00,0.7089080151822728,0.932360769794073,1.7329682024608006,17.884211355573118,gamma
2024-01-01 07:47:00,0.6849726591782073,1.1800940432910816,1.3467004734093955,18.606309462455553,gamma
2024-01-01 07:48:00,0.38192419782914777,0.9959842049355656,0.8658473582103319,18.394272533146886,alpha
2024-01-01 07:49:00,0.3347708858248666,0.8569224897881952,1.3543174053827927,16.685671245693293,gamma
2024-01-01 07:50:00,0.3643618754177766,1.012810441491079,1.5762614115299924,18.54247972084402,beta
2024-01-01 07:51:00,-0.0639058120876112,0.931894834252512,1.0306834542696093,18.370844277171972,gamma
2024-01-01 07:52:00,0.07832550482771672,1.0840643548988724,1.1697705019875437,18.323342380767247,gamma
2024-01-01 07:53:00,0.6474826991935654,0.9347376020697609,1.2107503703114249,18.19792245443308,alpha
2024-01-01 07:54:00,0.7037529508916405,0.955381656678522,0.9672535785336698,19.013977874722855,gamma
2024-01-01 07:55:00,0.3335284666446243,0.8110459269054469,1.3935972311212834,18.985670019848875,gamma
2024-01-01 07:56:00,0.5151339066163114,,1.159229520219565,18.185689158865422,gamma
2024-01-01 07:57:00,0.4864244820249148,0.7576120673371043,1.3177853646095627,18.836101722482805,gamma
2024-01-01 07:58:00,1.072091007717768,0.8416097176514277,0.9221004151095675,18.207411596276327,beta
2024-01-01 07:59:00,0.7200511803975214,1.0760414656144297,1.053543753415834,18.064302446219276,alpha
2024-01-01 08:00:00,0.5179170536392707,1.0785800158650831,1.3979395317435253,18.501822010935648,alpha
2024-01-01 08:01:00,0.4071320556937571,,1.065829733336175,19.30763430138147,beta
2024-01-01 08:02:00,0.3388686027319093,0.9033023856870787,1.6922340305513595,19.414435165190294,gamma
2024-01-01 08:03:00,0.7697209785533624,0.995228864385802,1.0507298254228183,19.256018824983418,beta
2024-01-01 08:04:00,0.6533281100534458,0.9996397460909432,1.2345124826218303,19.4237861089811,gamma
2024-01-01 08:05:00,0.6021375631657835,0.8841635310807457,1.4433812443610212,19.381238295846412,beta
2024-01-01 08:06:00,0.8453787889901585,1.1503398301767152,0.7346017192816349,18.864458311841243,alpha
2024-01-01 08:07:00,0.8522745872204733,1.0877362290575672,0.6283867228302461,19.4633395216669,alpha
2024-01-01 08:08:00,1.5053369196506026,0.9779035826170336,0.6954608507524598,19.709881476334573,alpha
2024-01-01 08:09:00,1.448620822670285,1.002688583899453,1.5284717749167576,19.749230290413724,gamma
2024-01-01 08:10:00,1.3797487378757824,1.0208382807947554,0.9806882876762764,20.029048775955385,gamma
2024-01-01 08:11:00,1.7906363583668257,0.7958265131575709,1.9102650623082478,19.851341121200498,beta
2024-01-01 08:12:00,1.6272502241237206,0.9752822617479403,0.9701008686943253,19.73559012695686,beta
2024-01-01 08:13:00,1.5600292647040392,0.9318015752002201,1.1913207064593974,20.157687749029137,alpha
2024-01-01 08:14:00,2.160343321145469,0.8998379990105084,1.595178733102364,19.67215843986104,gamma
2024-01-01 08:15:00,2.0893865400221063,0.9718899707114045,1.7309742794251748,19.307338058760994,beta
2024-01-01 08:16:00,1.9020159952373077,1.1797686526849522,1.7442083547107377,19.72963812700426,gamma
2024-01-01 08:17:00,2.2007460745058998,1.064084286126701,1.4848881921125061,19.50164644899608,gamma
2024-01-01 08:18:00,2.1940339570771936,0.9428821010217203,1.4262282638324517,19.599454757520526,alpha
2024-01-01 08:19:00,2.22344005380713,1.057258278135616,1.293408885502504,19.92774066464224,alpha
